

*******************************************************************************
Mon Nov 10 09:19:42 2025


FIT:    data read from 'data.txt' index 0 using 1:2
        format = x:z
        #datapoints = 6
        residuals are weighted equally (unit weight)

function used for fitting: f1(x)
	f1(x) = a1*x**6 + b1*x + c1
fitted parameters initialized with current variable values

iter      chisq       delta/lim  lambda   a1            b1            c1           
   0 5.1918082028e+05   0.00e+00  1.72e+02    1.000000e+00   1.000000e+00   1.000000e+00
   6 1.0356178106e+02  -8.47e-07  1.72e-04   -7.217203e-03   2.925867e+00   1.110868e+01

After 6 iterations the fit converged.
final sum of squares of residuals : 103.562
rel. change during last iteration : -8.47038e-12

degrees of freedom    (FIT_NDF)                        : 3
rms of residuals      (FIT_STDFIT) = sqrt(WSSR/ndf)    : 5.87542
variance of residuals (reduced chisquare) = WSSR/ndf   : 34.5206

Final set of parameters            Asymptotic Standard Error
=======================            ==========================
a1              = -0.0072172       +/- 0.01671      (231.5%)
b1              = 2.92587          +/- 4.328        (147.9%)
c1              = 11.1087          +/- 4.103        (36.93%)

correlation matrix of the fit parameters:
                a1     b1     c1     
a1              1.000 
b1             -0.844  1.000 
c1              0.485 -0.758  1.000 


*******************************************************************************
Mon Nov 10 09:19:42 2025


FIT:    data read from 'data.txt' index 1 using 1:2
        format = x:z
        #datapoints = 18
        residuals are weighted equally (unit weight)

function used for fitting: f2(x)
	f2(x) = a2*x**6 + b2*x + c2
fitted parameters initialized with current variable values

iter      chisq       delta/lim  lambda   a2            b2            c2           
   0 1.5711921556e+06   0.00e+00  1.72e+02    1.000000e+00   1.000000e+00   1.000000e+00
   5 9.2532661276e+01  -8.84e-01  1.72e-03   -5.331570e-03   2.456680e+00   8.047043e+00

After 5 iterations the fit converged.
final sum of squares of residuals : 92.5327
rel. change during last iteration : -8.83565e-06

degrees of freedom    (FIT_NDF)                        : 15
rms of residuals      (FIT_STDFIT) = sqrt(WSSR/ndf)    : 2.48372
variance of residuals (reduced chisquare) = WSSR/ndf   : 6.16884

Final set of parameters            Asymptotic Standard Error
=======================            ==========================
a2              = -0.00533157      +/- 0.004078     (76.48%)
b2              = 2.45668          +/- 1.056        (43%)
c2              = 8.04704          +/- 1.001        (12.44%)

correlation matrix of the fit parameters:
                a2     b2     c2     
a2              1.000 
b2             -0.844  1.000 
c2              0.485 -0.758  1.000 


*******************************************************************************
Mon Nov 10 09:19:55 2025


FIT:    data read from 'data.txt' index 0 using 1:2
        format = x:z
        #datapoints = 6
        residuals are weighted equally (unit weight)

function used for fitting: f1(x)
	f1(x) = a1*x**6 + b1*x + c1
fitted parameters initialized with current variable values

iter      chisq       delta/lim  lambda   a1            b1            c1           
   0 1.0356178106e+02   0.00e+00  7.04e+00   -7.217203e-03   2.925867e+00   1.110868e+01
   1 1.0356178106e+02   0.00e+00  7.04e-01   -7.217203e-03   2.925867e+00   1.110868e+01

After 1 iterations the fit converged.
final sum of squares of residuals : 103.562
rel. change during last iteration : 0

degrees of freedom    (FIT_NDF)                        : 3
rms of residuals      (FIT_STDFIT) = sqrt(WSSR/ndf)    : 5.87542
variance of residuals (reduced chisquare) = WSSR/ndf   : 34.5206

Final set of parameters            Asymptotic Standard Error
=======================            ==========================
a1              = -0.0072172       +/- 0.01671      (231.5%)
b1              = 2.92587          +/- 4.328        (147.9%)
c1              = 11.1087          +/- 4.103        (36.93%)

correlation matrix of the fit parameters:
                a1     b1     c1     
a1              1.000 
b1             -0.844  1.000 
c1              0.485 -0.758  1.000 


*******************************************************************************
Mon Nov 10 09:19:55 2025


FIT:    data read from 'data.txt' index 1 using 1:2
        format = x:z
        #datapoints = 18
        residuals are weighted equally (unit weight)

function used for fitting: f2(x)
	f2(x) = a2*x**6 + b2*x + c2
fitted parameters initialized with current variable values

iter      chisq       delta/lim  lambda   a2            b2            c2           
   0 9.2532661276e+01   0.00e+00  5.22e+00   -5.331570e-03   2.456680e+00   8.047043e+00
   1 9.2532661276e+01  -4.41e-09  5.22e-01   -5.331569e-03   2.456680e+00   8.047044e+00

After 1 iterations the fit converged.
final sum of squares of residuals : 92.5327
rel. change during last iteration : -4.40765e-14

degrees of freedom    (FIT_NDF)                        : 15
rms of residuals      (FIT_STDFIT) = sqrt(WSSR/ndf)    : 2.48372
variance of residuals (reduced chisquare) = WSSR/ndf   : 6.16884

Final set of parameters            Asymptotic Standard Error
=======================            ==========================
a2              = -0.00533157      +/- 0.004078     (76.48%)
b2              = 2.45668          +/- 1.056        (43%)
c2              = 8.04704          +/- 1.001        (12.44%)

correlation matrix of the fit parameters:
                a2     b2     c2     
a2              1.000 
b2             -0.844  1.000 
c2              0.485 -0.758  1.000 


*******************************************************************************
Mon Nov 10 09:20:59 2025


FIT:    data read from 'data.txt' index 0 using 1:2
        format = x:z
        #datapoints = 6
        residuals are weighted equally (unit weight)

function used for fitting: f1(x)
	f1(x) = a1*x**6 + b1*x + c1
fitted parameters initialized with current variable values

iter      chisq       delta/lim  lambda   a1            b1            c1           
   0 1.0356178106e+02   0.00e+00  7.04e+00   -7.217203e-03   2.925867e+00   1.110868e+01
   1 1.0356178106e+02  -1.37e-11  7.04e+00   -7.217203e-03   2.925867e+00   1.110868e+01

After 1 iterations the fit converged.
final sum of squares of residuals : 103.562
rel. change during last iteration : -1.37221e-16

degrees of freedom    (FIT_NDF)                        : 3
rms of residuals      (FIT_STDFIT) = sqrt(WSSR/ndf)    : 5.87542
variance of residuals (reduced chisquare) = WSSR/ndf   : 34.5206

Final set of parameters            Asymptotic Standard Error
=======================            ==========================
a1              = -0.0072172       +/- 0.01671      (231.5%)
b1              = 2.92587          +/- 4.328        (147.9%)
c1              = 11.1087          +/- 4.103        (36.93%)

correlation matrix of the fit parameters:
                a1     b1     c1     
a1              1.000 
b1             -0.844  1.000 
c1              0.485 -0.758  1.000 


*******************************************************************************
Mon Nov 10 09:20:59 2025


FIT:    data read from 'data.txt' index 1 using 1:2
        format = x:z
        #datapoints = 6
        residuals are weighted equally (unit weight)

function used for fitting: f2(x)
	f2(x) = a2*x**6 + b2*x + c2
fitted parameters initialized with current variable values

iter      chisq       delta/lim  lambda   a2            b2            c2           
   0 3.7062980350e+01   0.00e+00  5.22e+00   -5.331569e-03   2.456680e+00   8.047044e+00
   4 3.0768168711e+01  -3.05e-06  5.22e-04   -6.280467e-03   2.908153e+00   8.636757e+00

After 4 iterations the fit converged.
final sum of squares of residuals : 30.7682
rel. change during last iteration : -3.05101e-11

degrees of freedom    (FIT_NDF)                        : 3
rms of residuals      (FIT_STDFIT) = sqrt(WSSR/ndf)    : 3.20251
variance of residuals (reduced chisquare) = WSSR/ndf   : 10.2561

Final set of parameters            Asymptotic Standard Error
=======================            ==========================
a2              = -0.00628047      +/- 0.009107     (145%)
b2              = 2.90815          +/- 2.359        (81.12%)
c2              = 8.63676          +/- 2.236        (25.89%)

correlation matrix of the fit parameters:
                a2     b2     c2     
a2              1.000 
b2             -0.844  1.000 
c2              0.485 -0.758  1.000 


*******************************************************************************
Mon Nov 10 09:23:28 2025


FIT:    data read from 'data.txt' index 0 using 1:2
        format = x:z
        #datapoints = 6
        residuals are weighted equally (unit weight)

function used for fitting: f1(x)
	f1(x) = a1*x**6 + b1*x + c1
fitted parameters initialized with current variable values

iter      chisq       delta/lim  lambda   a1            b1            c1           
   0 1.0356178106e+02   0.00e+00  7.04e+00   -7.217203e-03   2.925867e+00   1.110868e+01
   1 1.0356178106e+02   0.00e+00  7.04e-01   -7.217203e-03   2.925867e+00   1.110868e+01

After 1 iterations the fit converged.
final sum of squares of residuals : 103.562
rel. change during last iteration : 0

degrees of freedom    (FIT_NDF)                        : 3
rms of residuals      (FIT_STDFIT) = sqrt(WSSR/ndf)    : 5.87542
variance of residuals (reduced chisquare) = WSSR/ndf   : 34.5206

Final set of parameters            Asymptotic Standard Error
=======================            ==========================
a1              = -0.0072172       +/- 0.01671      (231.5%)
b1              = 2.92587          +/- 4.328        (147.9%)
c1              = 11.1087          +/- 4.103        (36.93%)

correlation matrix of the fit parameters:
                a1     b1     c1     
a1              1.000 
b1             -0.844  1.000 
c1              0.485 -0.758  1.000 


*******************************************************************************
Mon Nov 10 09:23:28 2025


FIT:    data read from 'data.txt' index 1 using 1:2
        format = x:z
        #datapoints = 6
        residuals are weighted equally (unit weight)

function used for fitting: f2(x)
	f2(x) = a2*x**6 + b2*x + c2
fitted parameters initialized with current variable values

iter      chisq       delta/lim  lambda   a2            b2            c2           
   0 3.0768168711e+01   0.00e+00  5.73e+00   -6.280467e-03   2.908153e+00   8.636757e+00
   1 3.0768168711e+01  -4.62e-11  5.73e-01   -6.280467e-03   2.908153e+00   8.636757e+00

After 1 iterations the fit converged.
final sum of squares of residuals : 30.7682
rel. change during last iteration : -4.61869e-16

degrees of freedom    (FIT_NDF)                        : 3
rms of residuals      (FIT_STDFIT) = sqrt(WSSR/ndf)    : 3.20251
variance of residuals (reduced chisquare) = WSSR/ndf   : 10.2561

Final set of parameters            Asymptotic Standard Error
=======================            ==========================
a2              = -0.00628047      +/- 0.009107     (145%)
b2              = 2.90815          +/- 2.359        (81.12%)
c2              = 8.63676          +/- 2.236        (25.89%)

correlation matrix of the fit parameters:
                a2     b2     c2     
a2              1.000 
b2             -0.844  1.000 
c2              0.485 -0.758  1.000 


*******************************************************************************
Mon Nov 10 09:23:28 2025


FIT:    data read from 'data.txt' index 2 using 1:2
        format = x:z
        #datapoints = 6
        residuals are weighted equally (unit weight)

function used for fitting: f3(x)
	f3(x) = a1*x**6 + b3*x + c3
fitted parameters initialized with current variable values

iter      chisq       delta/lim  lambda   a3            b3            c3           
   0 5.3551399704e+02   0.00e+00  1.06e+00    1.000000e+00   1.000000e+00   1.000000e+00
BREAK: Singular matrix in Invert_RtR

*******************************************************************************
Mon Nov 10 09:23:28 2025


FIT:    data read from 'data.txt' index 3 using 1:2
        format = x:z
        #datapoints = 6
        residuals are weighted equally (unit weight)

function used for fitting: f4(x)
	f4(x) = a1*x**6 + b4*x + c4
fitted parameters initialized with current variable values

iter      chisq       delta/lim  lambda   a4            b4            c4           
   0 4.2029059039e+02   0.00e+00  1.06e+00    1.000000e+00   1.000000e+00   1.000000e+00
BREAK: Singular matrix in Invert_RtR

*******************************************************************************
Mon Nov 10 09:24:18 2025


FIT:    data read from 'data.txt' index 0 using 1:2
        format = x:z
        #datapoints = 6
        residuals are weighted equally (unit weight)

function used for fitting: f1(x)
	f1(x) = a1*x**2 + b1*x + c1
fitted parameters initialized with current variable values

iter      chisq       delta/lim  lambda   a1            b1            c1           
   0 1.3068837485e+02   0.00e+00  6.93e+00   -7.217203e-03   2.925867e+00   1.110868e+01
   6 8.7852668831e+01  -6.55e-03  6.93e-06   -2.495581e+00   8.992038e+00   9.146089e+00

After 6 iterations the fit converged.
final sum of squares of residuals : 87.8527
rel. change during last iteration : -6.54787e-08

degrees of freedom    (FIT_NDF)                        : 3
rms of residuals      (FIT_STDFIT) = sqrt(WSSR/ndf)    : 5.41149
variance of residuals (reduced chisquare) = WSSR/ndf   : 29.2842

Final set of parameters            Asymptotic Standard Error
=======================            ==========================
a1              = -2.49558         +/- 2.869        (115%)
b1              = 8.99204          +/- 9.046        (100.6%)
c1              = 9.14609          +/- 4.631        (50.64%)

correlation matrix of the fit parameters:
                a1     b1     c1     
a1              1.000 
b1             -0.972  1.000 
c1              0.701 -0.806  1.000 


*******************************************************************************
Mon Nov 10 09:24:18 2025


FIT:    data read from 'data.txt' index 1 using 1:2
        format = x:z
        #datapoints = 6
        residuals are weighted equally (unit weight)

function used for fitting: f2(x)
	f2(x) = a2*x**2 + b2*x + c2
fitted parameters initialized with current variable values

iter      chisq       delta/lim  lambda   a2            b2            c2           
   0 5.1324720315e+01   0.00e+00  5.62e+00   -6.280467e-03   2.908153e+00   8.636757e+00
   6 2.3547245412e+01  -7.99e-03  5.62e-06   -1.844379e+00   7.184408e+00   7.299071e+00

After 6 iterations the fit converged.
final sum of squares of residuals : 23.5472
rel. change during last iteration : -7.98713e-08

degrees of freedom    (FIT_NDF)                        : 3
rms of residuals      (FIT_STDFIT) = sqrt(WSSR/ndf)    : 2.80162
variance of residuals (reduced chisquare) = WSSR/ndf   : 7.84908

Final set of parameters            Asymptotic Standard Error
=======================            ==========================
a2              = -1.84438         +/- 1.486        (80.54%)
b2              = 7.18441          +/- 4.683        (65.18%)
c2              = 7.29907          +/- 2.398        (32.85%)

correlation matrix of the fit parameters:
                a2     b2     c2     
a2              1.000 
b2             -0.972  1.000 
c2              0.701 -0.806  1.000 


*******************************************************************************
Mon Nov 10 09:24:18 2025


FIT:    data read from 'data.txt' index 2 using 1:2
        format = x:z
        #datapoints = 6
        residuals are weighted equally (unit weight)

function used for fitting: f3(x)
	f3(x) = a1*x**2 + b3*x + c3
fitted parameters initialized with current variable values

iter      chisq       delta/lim  lambda   a3            b3            c3           
   0 4.1112179092e+02   0.00e+00  5.22e+00    1.000000e+00   2.820723e+00   7.919176e+00
BREAK: Singular matrix in Invert_RtR

*******************************************************************************
Mon Nov 10 09:24:18 2025


FIT:    data read from 'data.txt' index 3 using 1:2
        format = x:z
        #datapoints = 6
        residuals are weighted equally (unit weight)

function used for fitting: f4(x)
	f4(x) = a1*x**2 + b4*x + c4
fitted parameters initialized with current variable values

iter      chisq       delta/lim  lambda   a4            b4            c4           
   0 4.0854822480e+02   0.00e+00  4.71e+00    1.000000e+00   2.673412e+00   7.037703e+00
BREAK: Singular matrix in Invert_RtR

*******************************************************************************
Mon Nov 10 09:24:59 2025


FIT:    data read from 'data.txt' index 0 using 1:2
        format = x:z
        #datapoints = 6
        residuals are weighted equally (unit weight)

function used for fitting: f1(x)
	f1(x) = a1*x**10 + b1*x + c1
fitted parameters initialized with current variable values

iter      chisq       delta/lim  lambda   a1            b1            c1           
   0 2.1715619999e+10   0.00e+00  3.47e+04   -2.495581e+00   8.992038e+00   9.146089e+00
   7 1.0484457619e+02  -5.77e-04  3.47e-03   -7.195549e-05   2.582632e+00   1.126875e+01

After 7 iterations the fit converged.
final sum of squares of residuals : 104.845
rel. change during last iteration : -5.76576e-09

degrees of freedom    (FIT_NDF)                        : 3
rms of residuals      (FIT_STDFIT) = sqrt(WSSR/ndf)    : 5.9117
variance of residuals (reduced chisquare) = WSSR/ndf   : 34.9482

Final set of parameters            Asymptotic Standard Error
=======================            ==========================
a1              = -7.19555e-05     +/- 0.0001873    (260.3%)
b1              = 2.58263          +/- 3.973        (153.8%)
c1              = 11.2687          +/- 4.043        (35.88%)

correlation matrix of the fit parameters:
                a1     b1     c1     
a1              1.000 
b1             -0.809  1.000 
c1              0.451 -0.755  1.000 


*******************************************************************************
Mon Nov 10 09:24:59 2025


FIT:    data read from 'data.txt' index 1 using 1:2
        format = x:z
        #datapoints = 6
        residuals are weighted equally (unit weight)

function used for fitting: f2(x)
	f2(x) = a2*x**10 + b2*x + c2
fitted parameters initialized with current variable values

iter      chisq       delta/lim  lambda   a2            b2            c2           
   0 1.1861177557e+10   0.00e+00  2.57e+04   -1.844379e+00   7.184408e+00   7.299071e+00
   7 3.1527134931e+01  -5.14e-04  2.57e-03   -6.429632e-05   2.638305e+00   8.759706e+00

After 7 iterations the fit converged.
final sum of squares of residuals : 31.5271
rel. change during last iteration : -5.13559e-09

degrees of freedom    (FIT_NDF)                        : 3
rms of residuals      (FIT_STDFIT) = sqrt(WSSR/ndf)    : 3.24177
variance of residuals (reduced chisquare) = WSSR/ndf   : 10.509

Final set of parameters            Asymptotic Standard Error
=======================            ==========================
a2              = -6.42963e-05     +/- 0.0001027    (159.7%)
b2              = 2.6383           +/- 2.178        (82.57%)
c2              = 8.75971          +/- 2.217        (25.31%)

correlation matrix of the fit parameters:
                a2     b2     c2     
a2              1.000 
b2             -0.809  1.000 
c2              0.451 -0.755  1.000 


*******************************************************************************
Mon Nov 10 09:24:59 2025


FIT:    data read from 'data.txt' index 2 using 1:2
        format = x:z
        #datapoints = 6
        residuals are weighted equally (unit weight)

function used for fitting: f3(x)
	f3(x) = a1*x**10 + b3*x + c3
fitted parameters initialized with current variable values

iter      chisq       delta/lim  lambda   a3            b3            c3           
   0 4.5726839476e+02   0.00e+00  8.65e+00    1.000000e+00   8.886894e+00   5.954620e+00
BREAK: Singular matrix in Invert_RtR

*******************************************************************************
Mon Nov 10 09:24:59 2025


FIT:    data read from 'data.txt' index 3 using 1:2
        format = x:z
        #datapoints = 6
        residuals are weighted equally (unit weight)

function used for fitting: f4(x)
	f4(x) = a1*x**10 + b4*x + c4
fitted parameters initialized with current variable values

iter      chisq       delta/lim  lambda   a4            b4            c4           
   0 4.5191432532e+02   0.00e+00  8.33e+00    1.000000e+00   8.739583e+00   5.073147e+00
BREAK: Singular matrix in Invert_RtR

*******************************************************************************
Mon Nov 10 09:26:35 2025


FIT:    data read from 'data.txt' index 0 using 1:2
        format = x:z
        #datapoints = 6
        residuals are weighted equally (unit weight)

function used for fitting: f1(x)
	f1(x) = a1*x**30 + b1*x + c1
fitted parameters initialized with current variable values

iter      chisq       delta/lim  lambda   a1            b1            c1           
   0 2.1948412924e+20   0.00e+00  3.49e+09   -7.195549e-05   2.582632e+00   1.126875e+01
   5 1.0512297593e+02  -2.85e-08  3.49e+04   -2.048002e-14   2.582632e+00   1.126875e+01

After 5 iterations the fit converged.
final sum of squares of residuals : 105.123
rel. change during last iteration : -2.84831e-13

degrees of freedom    (FIT_NDF)                        : 3
rms of residuals      (FIT_STDFIT) = sqrt(WSSR/ndf)    : 5.91954
variance of residuals (reduced chisquare) = WSSR/ndf   : 35.041

Final set of parameters            Asymptotic Standard Error
=======================            ==========================
a1              = -2.048e-14       +/- 5.251e-14    (256.4%)
b1              = 2.58263          +/- 3.896        (150.9%)
c1              = 11.2687          +/- 4.031        (35.77%)

correlation matrix of the fit parameters:
                a1     b1     c1     
a1              1.000 
b1             -0.800  1.000 
c1              0.443 -0.754  1.000 


*******************************************************************************
Mon Nov 10 09:26:35 2025


FIT:    data read from 'data.txt' index 1 using 1:2
        format = x:z
        #datapoints = 6
        residuals are weighted equally (unit weight)

function used for fitting: f2(x)
	f2(x) = a2*x**30 + b2*x + c2
fitted parameters initialized with current variable values

iter      chisq       delta/lim  lambda   a2            b2            c2           
   0 1.7524578114e+20   0.00e+00  3.12e+09   -6.429632e-05   2.638305e+00   8.759706e+00
   5 3.1698085408e+01  -5.61e-08  3.12e+04   -1.833312e-14   2.638305e+00   8.759706e+00

After 5 iterations the fit converged.
final sum of squares of residuals : 31.6981
rel. change during last iteration : -5.61071e-13

degrees of freedom    (FIT_NDF)                        : 3
rms of residuals      (FIT_STDFIT) = sqrt(WSSR/ndf)    : 3.25054
variance of residuals (reduced chisquare) = WSSR/ndf   : 10.566

Final set of parameters            Asymptotic Standard Error
=======================            ==========================
a2              = -1.83331e-14     +/- 2.883e-14    (157.3%)
b2              = 2.6383           +/- 2.14         (81.1%)
c2              = 8.75971          +/- 2.213        (25.27%)

correlation matrix of the fit parameters:
                a2     b2     c2     
a2              1.000 
b2             -0.800  1.000 
c2              0.443 -0.754  1.000 


*******************************************************************************
Mon Nov 10 09:26:35 2025


FIT:    data read from 'data.txt' index 2 using 1:2
        format = x:z
        #datapoints = 6
        residuals are weighted equally (unit weight)

function used for fitting: f3(x)
	f3(x) = a1*x**30 + b3*x + c3
fitted parameters initialized with current variable values

iter      chisq       delta/lim  lambda   a3            b3            c3           
   0 2.8318287587e+01   0.00e+00  5.16e+00    1.000000e+00   2.477488e+00   8.079403e+00
BREAK: Singular matrix in Invert_RtR

*******************************************************************************
Mon Nov 10 09:26:35 2025


FIT:    data read from 'data.txt' index 3 using 1:2
        format = x:z
        #datapoints = 6
        residuals are weighted equally (unit weight)

function used for fitting: f4(x)
	f4(x) = a1*x**30 + b4*x + c4
fitted parameters initialized with current variable values

iter      chisq       delta/lim  lambda   a4            b4            c4           
   0 2.3015241541e+01   0.00e+00  4.65e+00    1.000000e+00   2.330177e+00   7.197930e+00
BREAK: Singular matrix in Invert_RtR

*******************************************************************************
Mon Nov 10 21:22:24 2025


FIT:    data read from 'data.txt' index 0 using 1:2
        format = x:z
        #datapoints = 6
        residuals are weighted equally (unit weight)

function used for fitting: f1(x)
	f1(x) = a1*log(x * c1) + b1
fitted parameters initialized with current variable values

iter      chisq       delta/lim  lambda   a1            b1           
   0 5.9730953431e+02   0.00e+00  1.72e+00    1.000000e+00   1.000000e+00
   4 2.3143663795e+01  -1.73e-06  1.72e-04    2.555282e+00   7.660076e+00

After 4 iterations the fit converged.
final sum of squares of residuals : 23.1437
rel. change during last iteration : -1.72685e-11

degrees of freedom    (FIT_NDF)                        : 4
rms of residuals      (FIT_STDFIT) = sqrt(WSSR/ndf)    : 2.40539
variance of residuals (reduced chisquare) = WSSR/ndf   : 5.78592

Final set of parameters            Asymptotic Standard Error
=======================            ==========================
a1              = 2.55528          +/- 0.8529       (33.38%)
b1              = 7.66008          +/- 1.896        (24.75%)

correlation matrix of the fit parameters:
                a1     b1     
a1              1.000 
b1             -0.855  1.000 


*******************************************************************************
Mon Nov 10 21:22:24 2025


FIT:    data read from 'data.txt' index 1 using 1:2
        format = x:z
        #datapoints = 6
        residuals are weighted equally (unit weight)

function used for fitting: f2(x)
	f2(x) = a2*log(x * c1) + b2
fitted parameters initialized with current variable values

iter      chisq       delta/lim  lambda   a2            b2           
   0 4.3431811554e+02   0.00e+00  1.72e+00    1.000000e+00   1.000000e+00
   4 1.7265163595e+01  -2.16e-06  1.72e-04    2.052073e+00   7.248474e+00

After 4 iterations the fit converged.
final sum of squares of residuals : 17.2652
rel. change during last iteration : -2.15768e-11

degrees of freedom    (FIT_NDF)                        : 4
rms of residuals      (FIT_STDFIT) = sqrt(WSSR/ndf)    : 2.07757
variance of residuals (reduced chisquare) = WSSR/ndf   : 4.31629

Final set of parameters            Asymptotic Standard Error
=======================            ==========================
a2              = 2.05207          +/- 0.7367       (35.9%)
b2              = 7.24847          +/- 1.637        (22.59%)

correlation matrix of the fit parameters:
                a2     b2     
a2              1.000 
b2             -0.855  1.000 


*******************************************************************************
Mon Nov 10 21:22:24 2025


FIT:    data read from 'data.txt' index 2 using 1:2
        format = x:z
        #datapoints = 6
        residuals are weighted equally (unit weight)

function used for fitting: f3(x)
	f3(x) = a1*log(x * c1) + b3
fitted parameters initialized with current variable values

iter      chisq       delta/lim  lambda   a3            b3           
   0 1.3517967006e+02   0.00e+00  7.07e-01    1.000000e+00   1.000000e+00
BREAK: Singular matrix in Invert_RtR

*******************************************************************************
Mon Nov 10 21:22:24 2025


FIT:    data read from 'data.txt' index 3 using 1:2
        format = x:z
        #datapoints = 6
        residuals are weighted equally (unit weight)

function used for fitting: f4(x)
	f4(x) = a2*log(x * c1) + b4
fitted parameters initialized with current variable values

iter      chisq       delta/lim  lambda   a4            b4           
   0 1.2401711312e+02   0.00e+00  7.07e-01    1.000000e+00   1.000000e+00
BREAK: Singular matrix in Invert_RtR

*******************************************************************************
Mon Nov 10 21:25:13 2025


FIT:    data read from 'data.txt' index 0 using 1:2
        format = x:z
        #datapoints = 6
        residuals are weighted equally (unit weight)

function used for fitting: f1(x)
	f1(x) = a1*log(x * c1) + b1
fitted parameters initialized with current variable values

iter      chisq       delta/lim  lambda   a1            b1           
   0 8.5398903270e+02   0.00e+00  1.31e+01    2.555282e+00   7.660076e+00
   4 2.3143663795e+01  -6.64e-03  1.31e-03    2.555282e+00  -4.107431e+00

After 4 iterations the fit converged.
final sum of squares of residuals : 23.1437
rel. change during last iteration : -6.63934e-08

degrees of freedom    (FIT_NDF)                        : 4
rms of residuals      (FIT_STDFIT) = sqrt(WSSR/ndf)    : 2.40539
variance of residuals (reduced chisquare) = WSSR/ndf   : 5.78592

Final set of parameters            Asymptotic Standard Error
=======================            ==========================
a1              = 2.55528          +/- 0.8529       (33.38%)
b1              = -4.10743         +/- 5.636        (137.2%)

correlation matrix of the fit parameters:
                a1     b1     
a1              1.000 
b1             -0.985  1.000 


*******************************************************************************
Mon Nov 10 21:25:13 2025


FIT:    data read from 'data.txt' index 1 using 1:2
        format = x:z
        #datapoints = 6
        residuals are weighted equally (unit weight)

function used for fitting: f2(x)
	f2(x) = a2*log(x * c1) + b2
fitted parameters initialized with current variable values

iter      chisq       delta/lim  lambda   a2            b2           
   0 5.5309652011e+02   0.00e+00  1.09e+01    2.052073e+00   7.248474e+00
   4 1.7265163595e+01  -2.35e-03  1.09e-03    2.052073e+00  -2.201670e+00

After 4 iterations the fit converged.
final sum of squares of residuals : 17.2652
rel. change during last iteration : -2.35389e-08

degrees of freedom    (FIT_NDF)                        : 4
rms of residuals      (FIT_STDFIT) = sqrt(WSSR/ndf)    : 2.07757
variance of residuals (reduced chisquare) = WSSR/ndf   : 4.31629

Final set of parameters            Asymptotic Standard Error
=======================            ==========================
a2              = 2.05207          +/- 0.7367       (35.9%)
b2              = -2.20167         +/- 4.868        (221.1%)

correlation matrix of the fit parameters:
                a2     b2     
a2              1.000 
b2             -0.985  1.000 


*******************************************************************************
Mon Nov 10 21:25:13 2025


FIT:    data read from 'data.txt' index 2 using 1:2
        format = x:z
        #datapoints = 6
        residuals are weighted equally (unit weight)

function used for fitting: f3(x)
	f3(x) = a1*log(x * c1) + b3
fitted parameters initialized with current variable values

iter      chisq       delta/lim  lambda   a3            b3           
   0 8.5367512030e+02   0.00e+00  3.78e+00    1.000000e+00   5.347085e+00
BREAK: Singular matrix in Invert_RtR

*******************************************************************************
Mon Nov 10 21:25:13 2025


FIT:    data read from 'data.txt' index 3 using 1:2
        format = x:z
        #datapoints = 6
        residuals are weighted equally (unit weight)

function used for fitting: f4(x)
	f4(x) = a2*log(x * c1) + b4
fitted parameters initialized with current variable values

iter      chisq       delta/lim  lambda   a4            b4           
   0 5.5214660588e+02   0.00e+00  3.71e+00    1.000000e+00   5.253723e+00
BREAK: Singular matrix in Invert_RtR

*******************************************************************************
Mon Nov 10 21:25:47 2025


FIT:    data read from 'data.txt' index 0 using 1:2
        format = x:z
        #datapoints = 6
        residuals are weighted equally (unit weight)

function used for fitting: f1(x)
	f1(x) = a1*log(x * c1) + b1
fitted parameters initialized with current variable values

iter      chisq       delta/lim  lambda   a1            b1           
   0 1.5362042731e+03   0.00e+00  3.61e+00    2.555282e+00  -4.107431e+00
   3 2.3143663795e+01  -2.15e-01  3.61e-03    2.555282e+00   1.177264e+01

After 3 iterations the fit converged.
final sum of squares of residuals : 23.1437
rel. change during last iteration : -2.1467e-06

degrees of freedom    (FIT_NDF)                        : 4
rms of residuals      (FIT_STDFIT) = sqrt(WSSR/ndf)    : 2.40539
variance of residuals (reduced chisquare) = WSSR/ndf   : 5.78592

Final set of parameters            Asymptotic Standard Error
=======================            ==========================
a1              = 2.55528          +/- 0.8529       (33.38%)
b1              = 11.7726          +/- 1.013        (8.605%)

correlation matrix of the fit parameters:
                a1     b1     
a1              1.000 
b1             -0.246  1.000 


*******************************************************************************
Mon Nov 10 21:25:47 2025


FIT:    data read from 'data.txt' index 1 using 1:2
        format = x:z
        #datapoints = 6
        residuals are weighted equally (unit weight)

function used for fitting: f2(x)
	f2(x) = a2*log(x * c1) + b2
fitted parameters initialized with current variable values

iter      chisq       delta/lim  lambda   a2            b2           
   0 9.9307287913e+02   0.00e+00  2.32e+00    2.052073e+00  -2.201670e+00
   3 1.7265163595e+01  -6.16e-01  2.32e-03    2.052073e+00   1.055116e+01

After 3 iterations the fit converged.
final sum of squares of residuals : 17.2652
rel. change during last iteration : -6.15821e-06

degrees of freedom    (FIT_NDF)                        : 4
rms of residuals      (FIT_STDFIT) = sqrt(WSSR/ndf)    : 2.07757
variance of residuals (reduced chisquare) = WSSR/ndf   : 4.31629

Final set of parameters            Asymptotic Standard Error
=======================            ==========================
a2              = 2.05207          +/- 0.7367       (35.9%)
b2              = 10.5512          +/- 0.875        (8.293%)

correlation matrix of the fit parameters:
                a2     b2     
a2              1.000 
b2             -0.246  1.000 


*******************************************************************************
Mon Nov 10 21:25:47 2025


FIT:    data read from 'data.txt' index 2 using 1:2
        format = x:z
        #datapoints = 6
        residuals are weighted equally (unit weight)

function used for fitting: f3(x)
	f3(x) = a1*log(x * c1) + b3
fitted parameters initialized with current variable values

iter      chisq       delta/lim  lambda   a3            b3           
   0 1.5363606337e+03   0.00e+00  4.55e+00    1.000000e+00  -6.432190e+00
BREAK: Singular matrix in Invert_RtR

*******************************************************************************
Mon Nov 10 21:25:47 2025


FIT:    data read from 'data.txt' index 3 using 1:2
        format = x:z
        #datapoints = 6
        residuals are weighted equally (unit weight)

function used for fitting: f4(x)
	f4(x) = a2*log(x * c1) + b4
fitted parameters initialized with current variable values

iter      chisq       delta/lim  lambda   a4            b4           
   0 9.9217071809e+02   0.00e+00  2.97e+00    1.000000e+00  -4.205871e+00
BREAK: Singular matrix in Invert_RtR

*******************************************************************************
Mon Nov 10 21:27:19 2025


FIT:    data read from 'data.txt' index 0 using 1:2
        format = x:z
        #datapoints = 6
        residuals are weighted equally (unit weight)

function used for fitting: f1(x)
	f1(x) = a1*log(x * c1) + b1
fitted parameters initialized with current variable values

iter      chisq       delta/lim  lambda   a1            b1           
   0 2.3143663795e+01   0.00e+00  8.60e+00    2.555282e+00   1.177264e+01
   1 2.3143663795e+01  -9.21e-11  8.60e-01    2.555282e+00   1.177264e+01

After 1 iterations the fit converged.
final sum of squares of residuals : 23.1437
rel. change during last iteration : -9.21042e-16

degrees of freedom    (FIT_NDF)                        : 4
rms of residuals      (FIT_STDFIT) = sqrt(WSSR/ndf)    : 2.40539
variance of residuals (reduced chisquare) = WSSR/ndf   : 5.78592

Final set of parameters            Asymptotic Standard Error
=======================            ==========================
a1              = 2.55528          +/- 0.8529       (33.38%)
b1              = 11.7726          +/- 1.013        (8.605%)

correlation matrix of the fit parameters:
                a1     b1     
a1              1.000 
b1             -0.246  1.000 


*******************************************************************************
Mon Nov 10 21:27:28 2025


FIT:    data read from 'data.txt' index 0 using 1:2
        format = x:z
        #datapoints = 6
        residuals are weighted equally (unit weight)

function used for fitting: f1(x)
	f1(x) = a1*log(x * c1) + b1
fitted parameters initialized with current variable values

iter      chisq       delta/lim  lambda   a1            b1           
   0 2.3143663795e+01   0.00e+00  8.60e+00    2.555282e+00   1.177264e+01
   1 2.3143663795e+01  -3.07e-11  8.60e+00    2.555282e+00   1.177264e+01

After 1 iterations the fit converged.
final sum of squares of residuals : 23.1437
rel. change during last iteration : -3.07014e-16

degrees of freedom    (FIT_NDF)                        : 4
rms of residuals      (FIT_STDFIT) = sqrt(WSSR/ndf)    : 2.40539
variance of residuals (reduced chisquare) = WSSR/ndf   : 5.78592

Final set of parameters            Asymptotic Standard Error
=======================            ==========================
a1              = 2.55528          +/- 0.8529       (33.38%)
b1              = 11.7726          +/- 1.013        (8.605%)

correlation matrix of the fit parameters:
                a1     b1     
a1              1.000 
b1             -0.246  1.000 


*******************************************************************************
Mon Nov 10 21:27:28 2025


FIT:    data read from 'data.txt' index 1 using 1:2
        format = x:z
        #datapoints = 6
        residuals are weighted equally (unit weight)

function used for fitting: f2(x)
	f2(x) = a2*log(x * c1) + b2
fitted parameters initialized with current variable values

iter      chisq       delta/lim  lambda   a2            b2           
   0 1.7265163595e+01   0.00e+00  7.66e+00    2.052073e+00   1.055116e+01
   1 1.7265163595e+01  -3.29e-10  7.66e-01    2.052073e+00   1.055116e+01

After 1 iterations the fit converged.
final sum of squares of residuals : 17.2652
rel. change during last iteration : -3.29238e-15

degrees of freedom    (FIT_NDF)                        : 4
rms of residuals      (FIT_STDFIT) = sqrt(WSSR/ndf)    : 2.07757
variance of residuals (reduced chisquare) = WSSR/ndf   : 4.31629

Final set of parameters            Asymptotic Standard Error
=======================            ==========================
a2              = 2.05207          +/- 0.7367       (35.9%)
b2              = 10.5512          +/- 0.875        (8.293%)

correlation matrix of the fit parameters:
                a2     b2     
a2              1.000 
b2             -0.246  1.000 


*******************************************************************************
Mon Nov 10 21:27:28 2025


FIT:    data read from 'data.txt' index 2 using 1:2
        format = x:z
        #datapoints = 6
        residuals are weighted equally (unit weight)

function used for fitting: f3(x)
	f3(x) = a1*log(x * c1) + b3
fitted parameters initialized with current variable values

iter      chisq       delta/lim  lambda   a3            b3           
   0 2.2075816995e+01   0.00e+00  6.69e+00    1.000000e+00   9.463765e+00
BREAK: Singular matrix in Invert_RtR

*******************************************************************************
Mon Nov 10 21:27:28 2025


FIT:    data read from 'data.txt' index 3 using 1:2
        format = x:z
        #datapoints = 6
        residuals are weighted equally (unit weight)

function used for fitting: f4(x)
	f4(x) = a2*log(x * c1) + b4
fitted parameters initialized with current variable values

iter      chisq       delta/lim  lambda   a4            b4           
   0 1.5720339865e+01   0.00e+00  6.05e+00    1.000000e+00   8.559709e+00
BREAK: Singular matrix in Invert_RtR

*******************************************************************************
Mon Nov 10 22:22:50 2025


FIT:    data read from 'data.txt' index 0 using 1:2
        format = x:z
        #datapoints = 6
        residuals are weighted equally (unit weight)

function used for fitting: f1(x)
	f1(x) = a1*log(x * c1) + b1
fitted parameters initialized with current variable values


Current data point
=========================
#               = 1 out of 6
x               = 2.55528        
z               = 4.71           

Current set of parameters
=========================
a1              = 2.55528        
b1              = 11.7726        

BREAK: Undefined value during function evaluation

*******************************************************************************
Mon Nov 10 22:22:50 2025


FIT:    data read from 'data.txt' index 1 using 1:2
        format = x:z
        #datapoints = 6
        residuals are weighted equally (unit weight)

function used for fitting: f2(x)
	f2(x) = a2*log(x * c1) + b2
fitted parameters initialized with current variable values


Current data point
=========================
#               = 1 out of 6
x               = 2.05207        
z               = 4.7            

Current set of parameters
=========================
a2              = 2.05207        
b2              = 10.5512        

BREAK: Undefined value during function evaluation

*******************************************************************************
Mon Nov 10 22:22:50 2025


FIT:    data read from 'data.txt' index 2 using 1:2
        format = x:z
        #datapoints = 6
        residuals are weighted equally (unit weight)

function used for fitting: f3(x)
	f3(x) = a1*log(x * c1) + b3
fitted parameters initialized with current variable values


Current data point
=========================
#               = 1 out of 6
x               = 1              
z               = 4.4            

Current set of parameters
=========================
a3              = 1              
b3              = 9.46377        

BREAK: Undefined value during function evaluation

*******************************************************************************
Mon Nov 10 22:22:50 2025


FIT:    data read from 'data.txt' index 3 using 1:2
        format = x:z
        #datapoints = 6
        residuals are weighted equally (unit weight)

function used for fitting: f4(x)
	f4(x) = a2*log(x * c1) + b4
fitted parameters initialized with current variable values


Current data point
=========================
#               = 1 out of 6
x               = 1              
z               = 4              

Current set of parameters
=========================
a4              = 1              
b4              = 8.55971        

BREAK: Undefined value during function evaluation

*******************************************************************************
Mon Nov 10 22:23:09 2025


FIT:    data read from 'data.txt' index 0 using 1:2
        format = x:z
        #datapoints = 6
        residuals are weighted equally (unit weight)

function used for fitting: f1(x)
	f1(x) = a1*log(x * c1) + b1
fitted parameters initialized with current variable values

iter      chisq       delta/lim  lambda   a1            b1           
   0 4.1966270449e+01   0.00e+00  8.61e+00    2.555282e+00   1.177264e+01
   3 2.3143663795e+01  -3.44e-03  8.61e-03    2.555282e+00   1.354383e+01

After 3 iterations the fit converged.
final sum of squares of residuals : 23.1437
rel. change during last iteration : -3.43932e-08

degrees of freedom    (FIT_NDF)                        : 4
rms of residuals      (FIT_STDFIT) = sqrt(WSSR/ndf)    : 2.40539
variance of residuals (reduced chisquare) = WSSR/ndf   : 5.78592

Final set of parameters            Asymptotic Standard Error
=======================            ==========================
a1              = 2.55528          +/- 0.8529       (33.38%)
b1              = 13.5438          +/- 1.04         (7.678%)

correlation matrix of the fit parameters:
                a1     b1     
a1              1.000 
b1              0.329  1.000 


*******************************************************************************
Mon Nov 10 22:23:09 2025


FIT:    data read from 'data.txt' index 1 using 1:2
        format = x:z
        #datapoints = 6
        residuals are weighted equally (unit weight)

function used for fitting: f2(x)
	f2(x) = a2*log(x * c1) + b2
fitted parameters initialized with current variable values

iter      chisq       delta/lim  lambda   a2            b2           
   0 2.9404297257e+01   0.00e+00  7.67e+00    2.052073e+00   1.055116e+01
   3 1.7265163595e+01  -3.23e-03  7.67e-03    2.052073e+00   1.197355e+01

After 3 iterations the fit converged.
final sum of squares of residuals : 17.2652
rel. change during last iteration : -3.23273e-08

degrees of freedom    (FIT_NDF)                        : 4
rms of residuals      (FIT_STDFIT) = sqrt(WSSR/ndf)    : 2.07757
variance of residuals (reduced chisquare) = WSSR/ndf   : 4.31629

Final set of parameters            Asymptotic Standard Error
=======================            ==========================
a2              = 2.05207          +/- 0.7367       (35.9%)
b2              = 11.9735          +/- 0.8982       (7.502%)

correlation matrix of the fit parameters:
                a2     b2     
a2              1.000 
b2              0.329  1.000 


*******************************************************************************
Mon Nov 10 22:23:09 2025


FIT:    data read from 'data.txt' index 2 using 1:2
        format = x:z
        #datapoints = 6
        residuals are weighted equally (unit weight)

function used for fitting: f3(x)
	f3(x) = a1*log(x * c1) + b3
fitted parameters initialized with current variable values

iter      chisq       delta/lim  lambda   a3            b3           
   0 4.0697465178e+01   0.00e+00  6.69e+00    1.000000e+00   9.463765e+00
BREAK: Singular matrix in Invert_RtR

*******************************************************************************
Mon Nov 10 22:23:09 2025


FIT:    data read from 'data.txt' index 3 using 1:2
        format = x:z
        #datapoints = 6
        residuals are weighted equally (unit weight)

function used for fitting: f4(x)
	f4(x) = a2*log(x * c1) + b4
fitted parameters initialized with current variable values

iter      chisq       delta/lim  lambda   a4            b4           
   0 2.7713506209e+01   0.00e+00  6.05e+00    1.000000e+00   8.559710e+00
BREAK: Singular matrix in Invert_RtR

*******************************************************************************
Mon Nov 10 22:23:21 2025


FIT:    data read from 'data.txt' index 0 using 1:2
        format = x:z
        #datapoints = 6
        residuals are weighted equally (unit weight)

function used for fitting: f1(x)
	f1(x) = a1*log(x * c1) + b1
fitted parameters initialized with current variable values

iter      chisq       delta/lim  lambda   a1            b1           
   0 8.5398900465e+02   0.00e+00  1.24e+01    2.555282e+00   1.354383e+01
   4 2.3143663795e+01  -1.46e-05  1.24e-03    2.555282e+00   1.776323e+00

After 4 iterations the fit converged.
final sum of squares of residuals : 23.1437
rel. change during last iteration : -1.45628e-10

degrees of freedom    (FIT_NDF)                        : 4
rms of residuals      (FIT_STDFIT) = sqrt(WSSR/ndf)    : 2.40539
variance of residuals (reduced chisquare) = WSSR/ndf   : 5.78592

Final set of parameters            Asymptotic Standard Error
=======================            ==========================
a1              = 2.55528          +/- 0.8529       (33.38%)
b1              = 1.77632          +/- 3.718        (209.3%)

correlation matrix of the fit parameters:
                a1     b1     
a1              1.000 
b1             -0.964  1.000 


*******************************************************************************
Mon Nov 10 22:23:21 2025


FIT:    data read from 'data.txt' index 1 using 1:2
        format = x:z
        #datapoints = 6
        residuals are weighted equally (unit weight)

function used for fitting: f2(x)
	f2(x) = a2*log(x * c1) + b2
fitted parameters initialized with current variable values

iter      chisq       delta/lim  lambda   a2            b2           
   0 5.5309649682e+02   0.00e+00  1.06e+01    2.052073e+00   1.197355e+01
   4 1.7265163595e+01  -1.20e-05  1.06e-03    2.052073e+00   2.523402e+00

After 4 iterations the fit converged.
final sum of squares of residuals : 17.2652
rel. change during last iteration : -1.20239e-10

degrees of freedom    (FIT_NDF)                        : 4
rms of residuals      (FIT_STDFIT) = sqrt(WSSR/ndf)    : 2.07757
variance of residuals (reduced chisquare) = WSSR/ndf   : 4.31629

Final set of parameters            Asymptotic Standard Error
=======================            ==========================
a2              = 2.05207          +/- 0.7367       (35.9%)
b2              = 2.5234           +/- 3.211        (127.2%)

correlation matrix of the fit parameters:
                a2     b2     
a2              1.000 
b2             -0.964  1.000 


*******************************************************************************
Mon Nov 10 22:23:21 2025


FIT:    data read from 'data.txt' index 2 using 1:2
        format = x:z
        #datapoints = 6
        residuals are weighted equally (unit weight)

function used for fitting: f3(x)
	f3(x) = a1*log(x * c1) + b3
fitted parameters initialized with current variable values

iter      chisq       delta/lim  lambda   a3            b3           
   0 8.5450655608e+02   0.00e+00  7.95e+00    1.000000e+00   1.123672e+01
BREAK: Singular matrix in Invert_RtR

*******************************************************************************
Mon Nov 10 22:23:21 2025


FIT:    data read from 'data.txt' index 3 using 1:2
        format = x:z
        #datapoints = 6
        residuals are weighted equally (unit weight)

function used for fitting: f4(x)
	f4(x) = a2*log(x * c1) + b4
fitted parameters initialized with current variable values

iter      chisq       delta/lim  lambda   a4            b4           
   0 5.5268286955e+02   0.00e+00  7.06e+00    1.000000e+00   9.983520e+00
BREAK: Singular matrix in Invert_RtR

*******************************************************************************
Mon Nov 10 22:23:39 2025


FIT:    data read from 'data.txt' index 0 using 1:2
        format = x:z
        #datapoints = 6
        residuals are weighted equally (unit weight)

function used for fitting: f1(x)
	f1(x) = a1*log(x * c1) + b1
fitted parameters initialized with current variable values

iter      chisq       delta/lim  lambda   a1            b1           
   0 1.1229210166e+03   0.00e+00  3.13e+00    2.555282e+00   1.776323e+00
   4 2.3143663795e+01  -7.53e-07  3.13e-04    2.555282e+00   1.531502e+01

After 4 iterations the fit converged.
final sum of squares of residuals : 23.1437
rel. change during last iteration : -7.53243e-12

degrees of freedom    (FIT_NDF)                        : 4
rms of residuals      (FIT_STDFIT) = sqrt(WSSR/ndf)    : 2.40539
variance of residuals (reduced chisquare) = WSSR/ndf   : 5.78592

Final set of parameters            Asymptotic Standard Error
=======================            ==========================
a1              = 2.55528          +/- 0.8529       (33.38%)
b1              = 15.315           +/- 1.355        (8.847%)

correlation matrix of the fit parameters:
                a1     b1     
a1              1.000 
b1              0.689  1.000 


*******************************************************************************
Mon Nov 10 22:23:39 2025


FIT:    data read from 'data.txt' index 1 using 1:2
        format = x:z
        #datapoints = 6
        residuals are weighted equally (unit weight)

function used for fitting: f2(x)
	f2(x) = a2*log(x * c1) + b2
fitted parameters initialized with current variable values

iter      chisq       delta/lim  lambda   a2            b2           
   0 7.2653696420e+02   0.00e+00  2.91e+00    2.052073e+00   2.523402e+00
   4 1.7265163595e+01  -1.61e-08  2.91e-04    2.052073e+00   1.339594e+01

After 4 iterations the fit converged.
final sum of squares of residuals : 17.2652
rel. change during last iteration : -1.60503e-13

degrees of freedom    (FIT_NDF)                        : 4
rms of residuals      (FIT_STDFIT) = sqrt(WSSR/ndf)    : 2.07757
variance of residuals (reduced chisquare) = WSSR/ndf   : 4.31629

Final set of parameters            Asymptotic Standard Error
=======================            ==========================
a2              = 2.05207          +/- 0.7367       (35.9%)
b2              = 13.3959          +/- 1.17         (8.736%)

correlation matrix of the fit parameters:
                a2     b2     
a2              1.000 
b2              0.689  1.000 


*******************************************************************************
Mon Nov 10 22:23:39 2025


FIT:    data read from 'data.txt' index 2 using 1:2
        format = x:z
        #datapoints = 6
        residuals are weighted equally (unit weight)

function used for fitting: f3(x)
	f3(x) = a1*log(x * c1) + b3
fitted parameters initialized with current variable values

iter      chisq       delta/lim  lambda   a3            b3           
   0 1.1219406914e+03   0.00e+00  3.84e-01    1.000000e+00  -5.425527e-01
BREAK: Singular matrix in Invert_RtR

*******************************************************************************
Mon Nov 10 22:23:39 2025


FIT:    data read from 'data.txt' index 3 using 1:2
        format = x:z
        #datapoints = 6
        residuals are weighted equally (unit weight)

function used for fitting: f4(x)
	f4(x) = a2*log(x * c1) + b4
fitted parameters initialized with current variable values

iter      chisq       delta/lim  lambda   a4            b4           
   0 7.2492341400e+02   0.00e+00  3.70e-01    1.000000e+00   5.239258e-01
BREAK: Singular matrix in Invert_RtR

*******************************************************************************
Mon Nov 10 22:23:53 2025


FIT:    data read from 'data.txt' index 0 using 1:2
        format = x:z
        #datapoints = 6
        residuals are weighted equally (unit weight)

function used for fitting: f1(x)
	f1(x) = a1*log(x * c1) + b1
fitted parameters initialized with current variable values

iter      chisq       delta/lim  lambda   a1            b1           
   0 8.5398903269e+02   0.00e+00  1.51e+01    2.555282e+00   1.531502e+01
   4 2.3143663795e+01  -1.14e-04  1.51e-03    2.555282e+00   2.708252e+01

After 4 iterations the fit converged.
final sum of squares of residuals : 23.1437
rel. change during last iteration : -1.14254e-09

degrees of freedom    (FIT_NDF)                        : 4
rms of residuals      (FIT_STDFIT) = sqrt(WSSR/ndf)    : 2.40539
variance of residuals (reduced chisquare) = WSSR/ndf   : 5.78592

Final set of parameters            Asymptotic Standard Error
=======================            ==========================
a1              = 2.55528          +/- 0.8529       (33.38%)
b1              = 27.0825          +/- 4.96         (18.31%)

correlation matrix of the fit parameters:
                a1     b1     
a1              1.000 
b1              0.980  1.000 


*******************************************************************************
Mon Nov 10 22:23:53 2025


FIT:    data read from 'data.txt' index 1 using 1:2
        format = x:z
        #datapoints = 6
        residuals are weighted equally (unit weight)

function used for fitting: f2(x)
	f2(x) = a2*log(x * c1) + b2
fitted parameters initialized with current variable values

iter      chisq       delta/lim  lambda   a2            b2           
   0 5.5309652010e+02   0.00e+00  1.27e+01    2.052073e+00   1.339594e+01
   4 1.7265163595e+01  -8.63e-05  1.27e-03    2.052073e+00   2.284608e+01

After 4 iterations the fit converged.
final sum of squares of residuals : 17.2652
rel. change during last iteration : -8.63464e-10

degrees of freedom    (FIT_NDF)                        : 4
rms of residuals      (FIT_STDFIT) = sqrt(WSSR/ndf)    : 2.07757
variance of residuals (reduced chisquare) = WSSR/ndf   : 4.31629

Final set of parameters            Asymptotic Standard Error
=======================            ==========================
a2              = 2.05207          +/- 0.7367       (35.9%)
b2              = 22.8461          +/- 4.284        (18.75%)

correlation matrix of the fit parameters:
                a2     b2     
a2              1.000 
b2              0.980  1.000 


*******************************************************************************
Mon Nov 10 22:23:53 2025


FIT:    data read from 'data.txt' index 2 using 1:2
        format = x:z
        #datapoints = 6
        residuals are weighted equally (unit weight)

function used for fitting: f3(x)
	f3(x) = a1*log(x * c1) + b3
fitted parameters initialized with current variable values

iter      chisq       delta/lim  lambda   a3            b3           
   0 8.5108640065e+02   0.00e+00  9.20e+00    1.000000e+00   1.300968e+01
BREAK: Singular matrix in Invert_RtR

*******************************************************************************
Mon Nov 10 22:23:53 2025


FIT:    data read from 'data.txt' index 3 using 1:2
        format = x:z
        #datapoints = 6
        residuals are weighted equally (unit weight)

function used for fitting: f4(x)
	f4(x) = a2*log(x * c1) + b4
fitted parameters initialized with current variable values

iter      chisq       delta/lim  lambda   a4            b4           
   0 5.5025971828e+02   0.00e+00  8.07e+00    1.000000e+00   1.140733e+01
BREAK: Singular matrix in Invert_RtR

*******************************************************************************
Mon Nov 10 22:24:04 2025


FIT:    data read from 'data.txt' index 0 using 1:2
        format = x:z
        #datapoints = 6
        residuals are weighted equally (unit weight)

function used for fitting: f1(x)
	f1(x) = a1*log(x * c1) + b1
fitted parameters initialized with current variable values

iter      chisq       delta/lim  lambda   a1            b1           
   0 1.6847762378e+04   0.00e+00  5.15e+01    2.555282e+00   2.708252e+01
   5 2.3143663795e+01  -1.08e-05  5.15e-04    2.555282e+00   8.003631e+01

After 5 iterations the fit converged.
final sum of squares of residuals : 23.1437
rel. change during last iteration : -1.08262e-10

degrees of freedom    (FIT_NDF)                        : 4
rms of residuals      (FIT_STDFIT) = sqrt(WSSR/ndf)    : 2.40539
variance of residuals (reduced chisquare) = WSSR/ndf   : 5.78592

Final set of parameters            Asymptotic Standard Error
=======================            ==========================
a1              = 2.55528          +/- 0.8529       (33.38%)
b1              = 80.0363          +/- 22.56        (28.19%)

correlation matrix of the fit parameters:
                a1     b1     
a1              1.000 
b1              0.999  1.000 


*******************************************************************************
Mon Nov 10 22:24:04 2025


FIT:    data read from 'data.txt' index 1 using 1:2
        format = x:z
        #datapoints = 6
        residuals are weighted equally (unit weight)

function used for fitting: f2(x)
	f2(x) = a2*log(x * c1) + b2
fitted parameters initialized with current variable values

iter      chisq       delta/lim  lambda   a2            b2           
   0 1.0867850129e+04   0.00e+00  4.16e+01    2.052073e+00   2.284608e+01
   5 1.7265163595e+01  -6.70e-06  4.16e-04    2.052073e+00   6.537173e+01

After 5 iterations the fit converged.
final sum of squares of residuals : 17.2652
rel. change during last iteration : -6.69754e-11

degrees of freedom    (FIT_NDF)                        : 4
rms of residuals      (FIT_STDFIT) = sqrt(WSSR/ndf)    : 2.07757
variance of residuals (reduced chisquare) = WSSR/ndf   : 4.31629

Final set of parameters            Asymptotic Standard Error
=======================            ==========================
a2              = 2.05207          +/- 0.7367       (35.9%)
b2              = 65.3717          +/- 19.48        (29.81%)

correlation matrix of the fit parameters:
                a2     b2     
a2              1.000 
b2              0.999  1.000 


*******************************************************************************
Mon Nov 10 22:24:04 2025


FIT:    data read from 'data.txt' index 2 using 1:2
        format = x:z
        #datapoints = 6
        residuals are weighted equally (unit weight)

function used for fitting: f3(x)
	f3(x) = a1*log(x * c1) + b3
fitted parameters initialized with current variable values

iter      chisq       delta/lim  lambda   a3            b3           
   0 1.6830961394e+04   0.00e+00  1.75e+01    1.000000e+00   2.478895e+01
BREAK: Singular matrix in Invert_RtR

*******************************************************************************
Mon Nov 10 22:24:04 2025


FIT:    data read from 'data.txt' index 3 using 1:2
        format = x:z
        #datapoints = 6
        residuals are weighted equally (unit weight)

function used for fitting: f4(x)
	f4(x) = a2*log(x * c1) + b4
fitted parameters initialized with current variable values

iter      chisq       delta/lim  lambda   a4            b4           
   0 1.0855669564e+04   0.00e+00  1.48e+01    1.000000e+00   2.086693e+01
BREAK: Singular matrix in Invert_RtR

*******************************************************************************
Mon Nov 10 22:29:13 2025


FIT:    data read from 'data.txt' index 0 using 1:2
        format = x:z
        #datapoints = 6
        residuals are weighted equally (unit weight)

function used for fitting: f1(x)
	f1(x) = a1*log(x * c1) + b1
fitted parameters initialized with current variable values

iter      chisq       delta/lim  lambda   a1            b1           
   0 2.9933576943e+04   0.00e+00  5.67e+01    2.555282e+00   8.003631e+01
   4 2.3143663795e+01  -1.39e-03  5.67e-03    2.555282e+00   9.431263e+00

After 4 iterations the fit converged.
final sum of squares of residuals : 23.1437
rel. change during last iteration : -1.39482e-08

degrees of freedom    (FIT_NDF)                        : 4
rms of residuals      (FIT_STDFIT) = sqrt(WSSR/ndf)    : 2.40539
variance of residuals (reduced chisquare) = WSSR/ndf   : 5.78592

Final set of parameters            Asymptotic Standard Error
=======================            ==========================
a1              = 2.55528          +/- 0.8529       (33.38%)
b1              = 9.43126          +/- 1.423        (15.09%)

correlation matrix of the fit parameters:
                a1     b1     
a1              1.000 
b1             -0.724  1.000 


*******************************************************************************
Mon Nov 10 22:29:13 2025


FIT:    data read from 'data.txt' index 1 using 1:2
        format = x:z
        #datapoints = 6
        residuals are weighted equally (unit weight)

function used for fitting: f2(x)
	f2(x) = a2*log(x * c1) + b2
fitted parameters initialized with current variable values

iter      chisq       delta/lim  lambda   a2            b2           
   0 1.9307193997e+04   0.00e+00  4.63e+01    2.052073e+00   6.537173e+01
   4 1.7265163595e+01  -1.26e-03  4.63e-03    2.052073e+00   8.670863e+00

After 4 iterations the fit converged.
final sum of squares of residuals : 17.2652
rel. change during last iteration : -1.25718e-08

degrees of freedom    (FIT_NDF)                        : 4
rms of residuals      (FIT_STDFIT) = sqrt(WSSR/ndf)    : 2.07757
variance of residuals (reduced chisquare) = WSSR/ndf   : 4.31629

Final set of parameters            Asymptotic Standard Error
=======================            ==========================
a2              = 2.05207          +/- 0.7367       (35.9%)
b2              = 8.67086          +/- 1.229        (14.18%)

correlation matrix of the fit parameters:
                a2     b2     
a2              1.000 
b2             -0.724  1.000 


*******************************************************************************
Mon Nov 10 22:29:13 2025


FIT:    data read from 'data.txt' index 2 using 1:2
        format = x:z
        #datapoints = 6
        residuals are weighted equally (unit weight)

function used for fitting: f3(x)
	f3(x) = a3*log(x * c1) + b3
fitted parameters initialized with current variable values

iter      chisq       delta/lim  lambda   a3            b3           
   0 2.8424677375e+04   0.00e+00  5.50e+01    1.000000e+00   7.779569e+01
   5 1.6658305363e+01  -3.21e-06  5.50e-04    1.729976e+00   8.109992e+00

After 5 iterations the fit converged.
final sum of squares of residuals : 16.6583
rel. change during last iteration : -3.21152e-11

degrees of freedom    (FIT_NDF)                        : 4
rms of residuals      (FIT_STDFIT) = sqrt(WSSR/ndf)    : 2.04073
variance of residuals (reduced chisquare) = WSSR/ndf   : 4.16458

Final set of parameters            Asymptotic Standard Error
=======================            ==========================
a3              = 1.72998          +/- 0.7236       (41.83%)
b3              = 8.10999          +/- 1.208        (14.89%)

correlation matrix of the fit parameters:
                a3     b3     
a3              1.000 
b3             -0.724  1.000 


*******************************************************************************
Mon Nov 10 22:29:13 2025


FIT:    data read from 'data.txt' index 3 using 1:2
        format = x:z
        #datapoints = 6
        residuals are weighted equally (unit weight)

function used for fitting: f4(x)
	f4(x) = a4*log(x * c1) + b4
fitted parameters initialized with current variable values

iter      chisq       delta/lim  lambda   a4            b4           
   0 1.8492636451e+04   0.00e+00  4.49e+01    1.000000e+00   6.343510e+01
   5 1.3487074692e+01  -3.41e-07  4.49e-04    1.522210e+00   7.310998e+00

After 5 iterations the fit converged.
final sum of squares of residuals : 13.4871
rel. change during last iteration : -3.4148e-12

degrees of freedom    (FIT_NDF)                        : 4
rms of residuals      (FIT_STDFIT) = sqrt(WSSR/ndf)    : 1.83624
variance of residuals (reduced chisquare) = WSSR/ndf   : 3.37177

Final set of parameters            Asymptotic Standard Error
=======================            ==========================
a4              = 1.52221          +/- 0.6511       (42.78%)
b4              = 7.311            +/- 1.087        (14.86%)

correlation matrix of the fit parameters:
                a4     b4     
a4              1.000 
b4             -0.724  1.000 


*******************************************************************************
Mon Nov 10 22:29:38 2025


FIT:    data read from 'data.txt' index 0 using 1:2
        format = x:z
        #datapoints = 6
        residuals are weighted equally (unit weight)

function used for fitting: f1(x)
	f1(x) = a1*log(x * c1) + b1
fitted parameters initialized with current variable values

iter      chisq       delta/lim  lambda   a1            b1           
   0 2.3143663795e+01   0.00e+00  7.32e+00    2.555282e+00   9.431263e+00
   1 2.3143663795e+01  -3.07e-11  7.32e+00    2.555282e+00   9.431263e+00

After 1 iterations the fit converged.
final sum of squares of residuals : 23.1437
rel. change during last iteration : -3.07014e-16

degrees of freedom    (FIT_NDF)                        : 4
rms of residuals      (FIT_STDFIT) = sqrt(WSSR/ndf)    : 2.40539
variance of residuals (reduced chisquare) = WSSR/ndf   : 5.78592

Final set of parameters            Asymptotic Standard Error
=======================            ==========================
a1              = 2.55528          +/- 0.8529       (33.38%)
b1              = 9.43126          +/- 1.423        (15.09%)

correlation matrix of the fit parameters:
                a1     b1     
a1              1.000 
b1             -0.724  1.000 


*******************************************************************************
Mon Nov 10 22:29:38 2025


FIT:    data read from 'data.txt' index 1 using 1:2
        format = x:z
        #datapoints = 6
        residuals are weighted equally (unit weight)

function used for fitting: f2(x)
	f2(x) = a2*log(x * c1) + b2
fitted parameters initialized with current variable values

iter      chisq       delta/lim  lambda   a2            b2           
   0 1.7265163595e+01   0.00e+00  6.59e+00    2.052073e+00   8.670863e+00
   1 1.7265163595e+01  -2.06e-11  6.59e-01    2.052073e+00   8.670863e+00

After 1 iterations the fit converged.
final sum of squares of residuals : 17.2652
rel. change during last iteration : -2.05774e-16

degrees of freedom    (FIT_NDF)                        : 4
rms of residuals      (FIT_STDFIT) = sqrt(WSSR/ndf)    : 2.07757
variance of residuals (reduced chisquare) = WSSR/ndf   : 4.31629

Final set of parameters            Asymptotic Standard Error
=======================            ==========================
a2              = 2.05207          +/- 0.7367       (35.9%)
b2              = 8.67086          +/- 1.229        (14.18%)

correlation matrix of the fit parameters:
                a2     b2     
a2              1.000 
b2             -0.724  1.000 


*******************************************************************************
Mon Nov 10 22:29:38 2025


FIT:    data read from 'data.txt' index 2 using 1:2
        format = x:z
        #datapoints = 6
        residuals are weighted equally (unit weight)

function used for fitting: f3(x)
	f3(x) = a3*log(x * c1) + b3
fitted parameters initialized with current variable values

iter      chisq       delta/lim  lambda   a3            b3           
   0 1.6658305363e+01   0.00e+00  6.09e+00    1.729976e+00   8.109992e+00
   1 1.6658305363e+01  -8.53e-11  6.09e-01    1.729976e+00   8.109992e+00

After 1 iterations the fit converged.
final sum of squares of residuals : 16.6583
rel. change during last iteration : -8.53079e-16

degrees of freedom    (FIT_NDF)                        : 4
rms of residuals      (FIT_STDFIT) = sqrt(WSSR/ndf)    : 2.04073
variance of residuals (reduced chisquare) = WSSR/ndf   : 4.16458

Final set of parameters            Asymptotic Standard Error
=======================            ==========================
a3              = 1.72998          +/- 0.7236       (41.83%)
b3              = 8.10999          +/- 1.208        (14.89%)

correlation matrix of the fit parameters:
                a3     b3     
a3              1.000 
b3             -0.724  1.000 


*******************************************************************************
Mon Nov 10 22:29:38 2025


FIT:    data read from 'data.txt' index 3 using 1:2
        format = x:z
        #datapoints = 6
        residuals are weighted equally (unit weight)

function used for fitting: f4(x)
	f4(x) = a4*log(x * c1) + b4
fitted parameters initialized with current variable values

iter      chisq       delta/lim  lambda   a4            b4           
   0 1.3487074692e+01   0.00e+00  5.47e+00    1.522210e+00   7.310998e+00
   1 1.3487074692e+01  -7.90e-11  5.47e-01    1.522210e+00   7.310998e+00

After 1 iterations the fit converged.
final sum of squares of residuals : 13.4871
rel. change during last iteration : -7.90249e-16

degrees of freedom    (FIT_NDF)                        : 4
rms of residuals      (FIT_STDFIT) = sqrt(WSSR/ndf)    : 1.83624
variance of residuals (reduced chisquare) = WSSR/ndf   : 3.37177

Final set of parameters            Asymptotic Standard Error
=======================            ==========================
a4              = 1.52221          +/- 0.6511       (42.78%)
b4              = 7.311            +/- 1.087        (14.86%)

correlation matrix of the fit parameters:
                a4     b4     
a4              1.000 
b4             -0.724  1.000 


*******************************************************************************
Mon Nov 10 22:30:52 2025


FIT:    data read from 'data.txt' index 0 using 1:2
        format = x:z
        #datapoints = 6
        residuals are weighted equally (unit weight)

function used for fitting: f1(x)
	f1(x) = a1*log(x / c1) + b1
fitted parameters initialized with current variable values

iter      chisq       delta/lim  lambda   a1            b1           
   0 4.6094763367e+03   0.00e+00  1.87e+01    2.555282e+00   9.431263e+00
   4 2.3143663795e+01  -6.92e-01  1.87e-03    2.555282e+00   3.707884e+01

After 4 iterations the fit converged.
final sum of squares of residuals : 23.1437
rel. change during last iteration : -6.921e-06

degrees of freedom    (FIT_NDF)                        : 4
rms of residuals      (FIT_STDFIT) = sqrt(WSSR/ndf)    : 2.40539
variance of residuals (reduced chisquare) = WSSR/ndf   : 5.78592

Final set of parameters            Asymptotic Standard Error
=======================            ==========================
a1              = 2.55528          +/- 0.8529       (33.38%)
b1              = 37.0788          +/- 8.257        (22.27%)

correlation matrix of the fit parameters:
                a1     b1     
a1              1.000 
b1              0.993  1.000 


*******************************************************************************
Mon Nov 10 22:30:52 2025


FIT:    data read from 'data.txt' index 1 using 1:2
        format = x:z
        #datapoints = 6
        residuals are weighted equally (unit weight)

function used for fitting: f2(x)
	f2(x) = a2*log(x / c1) + b2
fitted parameters initialized with current variable values

iter      chisq       delta/lim  lambda   a2            b2           
   0 2.9750969798e+03   0.00e+00  1.53e+01    2.052073e+00   8.670863e+00
   4 1.7265163595e+01  -2.88e-01  1.53e-03    2.052073e+00   3.087383e+01

After 4 iterations the fit converged.
final sum of squares of residuals : 17.2652
rel. change during last iteration : -2.88069e-06

degrees of freedom    (FIT_NDF)                        : 4
rms of residuals      (FIT_STDFIT) = sqrt(WSSR/ndf)    : 2.07757
variance of residuals (reduced chisquare) = WSSR/ndf   : 4.31629

Final set of parameters            Asymptotic Standard Error
=======================            ==========================
a2              = 2.05207          +/- 0.7367       (35.9%)
b2              = 30.8738          +/- 7.132        (23.1%)

correlation matrix of the fit parameters:
                a2     b2     
a2              1.000 
b2              0.993  1.000 


*******************************************************************************
Mon Nov 10 22:30:52 2025


FIT:    data read from 'data.txt' index 2 using 1:2
        format = x:z
        #datapoints = 6
        residuals are weighted equally (unit weight)

function used for fitting: f3(x)
	f3(x) = a3*log(x / c1) + b3
fitted parameters initialized with current variable values

iter      chisq       delta/lim  lambda   a3            b3           
   0 2.1188307152e+03   0.00e+00  1.32e+01    1.729976e+00   8.109992e+00
   4 1.6658305363e+01  -1.24e-01  1.32e-03    1.729976e+00   2.682795e+01

After 4 iterations the fit converged.
final sum of squares of residuals : 16.6583
rel. change during last iteration : -1.23568e-06

degrees of freedom    (FIT_NDF)                        : 4
rms of residuals      (FIT_STDFIT) = sqrt(WSSR/ndf)    : 2.04073
variance of residuals (reduced chisquare) = WSSR/ndf   : 4.16458

Final set of parameters            Asymptotic Standard Error
=======================            ==========================
a3              = 1.72998          +/- 0.7236       (41.83%)
b3              = 26.828           +/- 7.005        (26.11%)

correlation matrix of the fit parameters:
                a3     b3     
a3              1.000 
b3              0.993  1.000 


*******************************************************************************
Mon Nov 10 22:30:52 2025


FIT:    data read from 'data.txt' index 3 using 1:2
        format = x:z
        #datapoints = 6
        residuals are weighted equally (unit weight)

function used for fitting: f4(x)
	f4(x) = a4*log(x / c1) + b4
fitted parameters initialized with current variable values

iter      chisq       delta/lim  lambda   a4            b4           
   0 1.6410466558e+03   0.00e+00  1.16e+01    1.522210e+00   7.310998e+00
   4 1.3487074692e+01  -1.05e-01  1.16e-03    1.522210e+00   2.378097e+01

After 4 iterations the fit converged.
final sum of squares of residuals : 13.4871
rel. change during last iteration : -1.04519e-06

degrees of freedom    (FIT_NDF)                        : 4
rms of residuals      (FIT_STDFIT) = sqrt(WSSR/ndf)    : 1.83624
variance of residuals (reduced chisquare) = WSSR/ndf   : 3.37177

Final set of parameters            Asymptotic Standard Error
=======================            ==========================
a4              = 1.52221          +/- 0.6511       (42.78%)
b4              = 23.781           +/- 6.303        (26.5%)

correlation matrix of the fit parameters:
                a4     b4     
a4              1.000 
b4              0.993  1.000 


*******************************************************************************
Mon Nov 10 22:31:06 2025


FIT:    data read from 'data.txt' index 0 using 1:2
        format = x:z
        #datapoints = 6
        residuals are weighted equally (unit weight)

function used for fitting: f1(x)
	f1(x) = a1*log(x / c1) + b1
fitted parameters initialized with current variable values

iter      chisq       delta/lim  lambda   a1            b1           
   0 3.3465245150e+03   0.00e+00  2.63e+01    2.555282e+00   3.707884e+01
   3 2.3143663796e+01  -8.99e-01  2.63e-02    2.555288e+00   1.354383e+01

After 3 iterations the fit converged.
final sum of squares of residuals : 23.1437
rel. change during last iteration : -8.98696e-06

degrees of freedom    (FIT_NDF)                        : 4
rms of residuals      (FIT_STDFIT) = sqrt(WSSR/ndf)    : 2.40539
variance of residuals (reduced chisquare) = WSSR/ndf   : 5.78592

Final set of parameters            Asymptotic Standard Error
=======================            ==========================
a1              = 2.55529          +/- 0.8529       (33.38%)
b1              = 13.5438          +/- 1.04         (7.678%)

correlation matrix of the fit parameters:
                a1     b1     
a1              1.000 
b1              0.329  1.000 


*******************************************************************************
Mon Nov 10 22:31:06 2025


FIT:    data read from 'data.txt' index 1 using 1:2
        format = x:z
        #datapoints = 6
        residuals are weighted equally (unit weight)

function used for fitting: f2(x)
	f2(x) = a2*log(x / c1) + b2
fitted parameters initialized with current variable values

iter      chisq       delta/lim  lambda   a2            b2           
   0 2.1605903594e+03   0.00e+00  2.19e+01    2.052073e+00   3.087383e+01
   3 1.7265163595e+01  -7.70e-01  2.19e-02    2.052078e+00   1.197355e+01

After 3 iterations the fit converged.
final sum of squares of residuals : 17.2652
rel. change during last iteration : -7.69903e-06

degrees of freedom    (FIT_NDF)                        : 4
rms of residuals      (FIT_STDFIT) = sqrt(WSSR/ndf)    : 2.07757
variance of residuals (reduced chisquare) = WSSR/ndf   : 4.31629

Final set of parameters            Asymptotic Standard Error
=======================            ==========================
a2              = 2.05208          +/- 0.7367       (35.9%)
b2              = 11.9735          +/- 0.8982       (7.502%)

correlation matrix of the fit parameters:
                a2     b2     
a2              1.000 
b2              0.329  1.000 


*******************************************************************************
Mon Nov 10 22:31:06 2025


FIT:    data read from 'data.txt' index 2 using 1:2
        format = x:z
        #datapoints = 6
        residuals are weighted equally (unit weight)

function used for fitting: f3(x)
	f3(x) = a3*log(x / c1) + b3
fitted parameters initialized with current variable values

iter      chisq       delta/lim  lambda   a3            b3           
   0 1.5399495221e+03   0.00e+00  1.90e+01    1.729976e+00   2.682795e+01
   3 1.6658305363e+01  -5.62e-01  1.90e-02    1.729981e+00   1.089428e+01

After 3 iterations the fit converged.
final sum of squares of residuals : 16.6583
rel. change during last iteration : -5.62164e-06

degrees of freedom    (FIT_NDF)                        : 4
rms of residuals      (FIT_STDFIT) = sqrt(WSSR/ndf)    : 2.04073
variance of residuals (reduced chisquare) = WSSR/ndf   : 4.16458

Final set of parameters            Asymptotic Standard Error
=======================            ==========================
a3              = 1.72998          +/- 0.7236       (41.83%)
b3              = 10.8943          +/- 0.8823       (8.099%)

correlation matrix of the fit parameters:
                a3     b3     
a3              1.000 
b3              0.329  1.000 


*******************************************************************************
Mon Nov 10 22:31:06 2025


FIT:    data read from 'data.txt' index 3 using 1:2
        format = x:z
        #datapoints = 6
        residuals are weighted equally (unit weight)

function used for fitting: f4(x)
	f4(x) = a4*log(x / c1) + b4
fitted parameters initialized with current variable values

iter      chisq       delta/lim  lambda   a4            b4           
   0 1.1928609540e+03   0.00e+00  1.69e+01    1.522210e+00   2.378097e+01
   3 1.3487074693e+01  -5.36e-01  1.69e-02    1.522214e+00   9.760901e+00

After 3 iterations the fit converged.
final sum of squares of residuals : 13.4871
rel. change during last iteration : -5.36347e-06

degrees of freedom    (FIT_NDF)                        : 4
rms of residuals      (FIT_STDFIT) = sqrt(WSSR/ndf)    : 1.83624
variance of residuals (reduced chisquare) = WSSR/ndf   : 3.37177

Final set of parameters            Asymptotic Standard Error
=======================            ==========================
a4              = 1.52221          +/- 0.6511       (42.77%)
b4              = 9.7609           +/- 0.7939       (8.133%)

correlation matrix of the fit parameters:
                a4     b4     
a4              1.000 
b4              0.329  1.000 


*******************************************************************************
Mon Nov 10 22:31:23 2025


FIT:    data read from 'data.txt' index 0 using 1:2
        format = x:z
        #datapoints = 6
        residuals are weighted equally (unit weight)

function used for fitting: f1(x)
	f1(x) = a1*log(x / c1) + b1
fitted parameters initialized with current variable values

iter      chisq       delta/lim  lambda   a1            b1           
   0 9.1624317367e+04   0.00e+00  8.86e+01    2.555288e+00   1.354383e+01
   6 2.3143663795e+01  -1.86e-07  8.86e-05    2.555282e+00   1.371027e+02

After 6 iterations the fit converged.
final sum of squares of residuals : 23.1437
rel. change during last iteration : -1.85728e-12

degrees of freedom    (FIT_NDF)                        : 4
rms of residuals      (FIT_STDFIT) = sqrt(WSSR/ndf)    : 2.40539
variance of residuals (reduced chisquare) = WSSR/ndf   : 5.78592

Final set of parameters            Asymptotic Standard Error
=======================            ==========================
a1              = 2.55528          +/- 0.8529       (33.38%)
b1              = 137.103          +/- 41.6         (30.34%)

correlation matrix of the fit parameters:
                a1     b1     
a1              1.000 
b1              1.000  1.000 


*******************************************************************************
Mon Nov 10 22:31:23 2025


FIT:    data read from 'data.txt' index 1 using 1:2
        format = x:z
        #datapoints = 6
        residuals are weighted equally (unit weight)

function used for fitting: f2(x)
	f2(x) = a2*log(x / c1) + b2
fitted parameters initialized with current variable values

iter      chisq       delta/lim  lambda   a2            b2           
   0 5.9092997534e+04   0.00e+00  7.13e+01    2.052078e+00   1.197355e+01
   6 1.7265163595e+01  -6.37e-08  7.13e-05    2.052073e+00   1.112001e+02

After 6 iterations the fit converged.
final sum of squares of residuals : 17.2652
rel. change during last iteration : -6.37486e-13

degrees of freedom    (FIT_NDF)                        : 4
rms of residuals      (FIT_STDFIT) = sqrt(WSSR/ndf)    : 2.07757
variance of residuals (reduced chisquare) = WSSR/ndf   : 4.31629

Final set of parameters            Asymptotic Standard Error
=======================            ==========================
a2              = 2.05207          +/- 0.7367       (35.9%)
b2              = 111.2            +/- 35.93        (32.31%)

correlation matrix of the fit parameters:
                a2     b2     
a2              1.000 
b2              1.000  1.000 


*******************************************************************************
Mon Nov 10 22:31:23 2025


FIT:    data read from 'data.txt' index 2 using 1:2
        format = x:z
        #datapoints = 6
        residuals are weighted equally (unit weight)

function used for fitting: f3(x)
	f3(x) = a3*log(x / c1) + b3
fitted parameters initialized with current variable values

iter      chisq       delta/lim  lambda   a3            b3           
   0 4.2002619848e+04   0.00e+00  6.02e+01    1.729981e+00   1.089428e+01
   6 1.6658305363e+01  -2.24e-08  6.02e-05    1.729976e+00   9.454606e+01

After 6 iterations the fit converged.
final sum of squares of residuals : 16.6583
rel. change during last iteration : -2.23933e-13

degrees of freedom    (FIT_NDF)                        : 4
rms of residuals      (FIT_STDFIT) = sqrt(WSSR/ndf)    : 2.04073
variance of residuals (reduced chisquare) = WSSR/ndf   : 4.16458

Final set of parameters            Asymptotic Standard Error
=======================            ==========================
a3              = 1.72998          +/- 0.7236       (41.83%)
b3              = 94.5461          +/- 35.29        (37.33%)

correlation matrix of the fit parameters:
                a3     b3     
a3              1.000 
b3              1.000  1.000 


*******************************************************************************
Mon Nov 10 22:31:23 2025


FIT:    data read from 'data.txt' index 3 using 1:2
        format = x:z
        #datapoints = 6
        residuals are weighted equally (unit weight)

function used for fitting: f4(x)
	f4(x) = a4*log(x / c1) + b4
fitted parameters initialized with current variable values

iter      chisq       delta/lim  lambda   a4            b4           
   0 3.2520173508e+04   0.00e+00  5.29e+01    1.522214e+00   9.760901e+00
   6 1.3487074692e+01  -1.83e-08  5.29e-05    1.522210e+00   8.336626e+01

After 6 iterations the fit converged.
final sum of squares of residuals : 13.4871
rel. change during last iteration : -1.82943e-13

degrees of freedom    (FIT_NDF)                        : 4
rms of residuals      (FIT_STDFIT) = sqrt(WSSR/ndf)    : 1.83624
variance of residuals (reduced chisquare) = WSSR/ndf   : 3.37177

Final set of parameters            Asymptotic Standard Error
=======================            ==========================
a4              = 1.52221          +/- 0.6511       (42.78%)
b4              = 83.3663          +/- 31.75        (38.09%)

correlation matrix of the fit parameters:
                a4     b4     
a4              1.000 
b4              1.000  1.000 


*******************************************************************************
Mon Nov 10 22:31:49 2025


FIT:    data read from 'data.txt' index 0 using 1:2
        format = x:z
        #datapoints = 6
        residuals are weighted equally (unit weight)

function used for fitting: f1(x)
	f1(x) = a1*log(x / c1) + b1
fitted parameters initialized with current variable values

iter      chisq       delta/lim  lambda   a1            b1           
   0 1.0990244370e+05   0.00e+00  9.73e+01    2.555282e+00   1.371027e+02
   4 2.3143663795e+01  -1.78e-01  9.73e-03    2.555281e+00   1.776324e+00

After 4 iterations the fit converged.
final sum of squares of residuals : 23.1437
rel. change during last iteration : -1.78026e-06

degrees of freedom    (FIT_NDF)                        : 4
rms of residuals      (FIT_STDFIT) = sqrt(WSSR/ndf)    : 2.40539
variance of residuals (reduced chisquare) = WSSR/ndf   : 5.78592

Final set of parameters            Asymptotic Standard Error
=======================            ==========================
a1              = 2.55528          +/- 0.8529       (33.38%)
b1              = 1.77632          +/- 3.718        (209.3%)

correlation matrix of the fit parameters:
                a1     b1     
a1              1.000 
b1             -0.964  1.000 


*******************************************************************************
Mon Nov 10 22:31:49 2025


FIT:    data read from 'data.txt' index 1 using 1:2
        format = x:z
        #datapoints = 6
        residuals are weighted equally (unit weight)

function used for fitting: f2(x)
	f2(x) = a2*log(x / c1) + b2
fitted parameters initialized with current variable values

iter      chisq       delta/lim  lambda   a2            b2           
   0 7.0880962061e+04   0.00e+00  7.89e+01    2.052073e+00   1.112001e+02
   4 1.7265163595e+01  -1.56e-01  7.89e-03    2.052072e+00   2.523404e+00

After 4 iterations the fit converged.
final sum of squares of residuals : 17.2652
rel. change during last iteration : -1.55912e-06

degrees of freedom    (FIT_NDF)                        : 4
rms of residuals      (FIT_STDFIT) = sqrt(WSSR/ndf)    : 2.07757
variance of residuals (reduced chisquare) = WSSR/ndf   : 4.31629

Final set of parameters            Asymptotic Standard Error
=======================            ==========================
a2              = 2.05207          +/- 0.7367       (35.9%)
b2              = 2.5234           +/- 3.211        (127.2%)

correlation matrix of the fit parameters:
                a2     b2     
a2              1.000 
b2             -0.964  1.000 


*******************************************************************************
Mon Nov 10 22:31:49 2025


FIT:    data read from 'data.txt' index 2 using 1:2
        format = x:z
        #datapoints = 6
        residuals are weighted equally (unit weight)

function used for fitting: f3(x)
	f3(x) = a3*log(x / c1) + b3
fitted parameters initialized with current variable values

iter      chisq       delta/lim  lambda   a3            b3           
   0 5.0380477765e+04   0.00e+00  6.71e+01    1.729976e+00   9.454606e+01
   4 1.6658305363e+01  -1.16e-01  6.71e-03    1.729976e+00   2.927447e+00

After 4 iterations the fit converged.
final sum of squares of residuals : 16.6583
rel. change during last iteration : -1.16112e-06

degrees of freedom    (FIT_NDF)                        : 4
rms of residuals      (FIT_STDFIT) = sqrt(WSSR/ndf)    : 2.04073
variance of residuals (reduced chisquare) = WSSR/ndf   : 4.16458

Final set of parameters            Asymptotic Standard Error
=======================            ==========================
a3              = 1.72998          +/- 0.7236       (41.83%)
b3              = 2.92745          +/- 3.154        (107.7%)

correlation matrix of the fit parameters:
                a3     b3     
a3              1.000 
b3             -0.964  1.000 


*******************************************************************************
Mon Nov 10 22:31:49 2025


FIT:    data read from 'data.txt' index 3 using 1:2
        format = x:z
        #datapoints = 6
        residuals are weighted equally (unit weight)

function used for fitting: f4(x)
	f4(x) = a4*log(x / c1) + b4
fitted parameters initialized with current variable values

iter      chisq       delta/lim  lambda   a4            b4           
   0 3.9006538509e+04   0.00e+00  5.91e+01    1.522210e+00   8.336626e+01
   4 1.3487074692e+01  -1.11e-01  5.91e-03    1.522209e+00   2.750866e+00

After 4 iterations the fit converged.
final sum of squares of residuals : 13.4871
rel. change during last iteration : -1.11333e-06

degrees of freedom    (FIT_NDF)                        : 4
rms of residuals      (FIT_STDFIT) = sqrt(WSSR/ndf)    : 1.83624
variance of residuals (reduced chisquare) = WSSR/ndf   : 3.37177

Final set of parameters            Asymptotic Standard Error
=======================            ==========================
a4              = 1.52221          +/- 0.6511       (42.78%)
b4              = 2.75087          +/- 2.838        (103.2%)

correlation matrix of the fit parameters:
                a4     b4     
a4              1.000 
b4             -0.964  1.000 


*******************************************************************************
Mon Nov 10 22:37:01 2025


FIT:    data read from 'data.txt' index 0 using 1:2
        format = x:z
        #datapoints = 6
        residuals are weighted equally (unit weight)

function used for fitting: f1(x)
	f1(x) = a1*log(x * c1) + b1
fitted parameters initialized with current variable values

iter      chisq       delta/lim  lambda   a1            b1           
   0 3.3465240541e+03   0.00e+00  9.37e+00    2.555281e+00   1.776324e+00
   5 2.3143663795e+01  -1.22e-07  9.37e-05    2.555282e+00   2.531134e+01

After 5 iterations the fit converged.
final sum of squares of residuals : 23.1437
rel. change during last iteration : -1.21885e-12

degrees of freedom    (FIT_NDF)                        : 4
rms of residuals      (FIT_STDFIT) = sqrt(WSSR/ndf)    : 2.40539
variance of residuals (reduced chisquare) = WSSR/ndf   : 5.78592

Final set of parameters            Asymptotic Standard Error
=======================            ==========================
a1              = 2.55528          +/- 0.8529       (33.38%)
b1              = 25.3113          +/- 4.382        (17.31%)

correlation matrix of the fit parameters:
                a1     b1     
a1              1.000 
b1              0.975  1.000 


*******************************************************************************
Mon Nov 10 22:37:35 2025


FIT:    data read from 'data.txt' index 0 using 1:2
        format = x:z
        #datapoints = 6
        residuals are weighted equally (unit weight)

function used for fitting: f1(x)
	f1(x) = a1*log(x * c1) + b1
fitted parameters initialized with current variable values

iter      chisq       delta/lim  lambda   a1            b1           
   0 9.0766986756e+03   0.00e+00  2.58e+01    2.555282e+00   2.531134e+01
   4 2.3143663795e+01  -3.73e-02  2.58e-03    2.555282e+00  -1.353356e+01

After 4 iterations the fit converged.
final sum of squares of residuals : 23.1437
rel. change during last iteration : -3.72872e-07

degrees of freedom    (FIT_NDF)                        : 4
rms of residuals      (FIT_STDFIT) = sqrt(WSSR/ndf)    : 2.40539
variance of residuals (reduced chisquare) = WSSR/ndf   : 5.78592

Final set of parameters            Asymptotic Standard Error
=======================            ==========================
a1              = 2.55528          +/- 0.8529       (33.38%)
b1              = -13.5336         +/- 8.751        (64.66%)

correlation matrix of the fit parameters:
                a1     b1     
a1              1.000 
b1             -0.994  1.000 


*******************************************************************************
Mon Nov 10 22:38:31 2025


FIT:    data read from 'data.txt' index 0 using 1:2
        format = x:z
        #datapoints = 6
        residuals are weighted equally (unit weight)

function used for fitting: f1(x)
	f1(x) = a1*log(x * c1) + b1
fitted parameters initialized with current variable values

iter      chisq       delta/lim  lambda   a1            b1           
   0 9.0766984800e+03   0.00e+00  1.33e+01    2.555282e+00  -1.353356e+01
   4 2.3143663795e+01  -5.72e-04  1.33e-03    2.555282e+00   2.531134e+01

After 4 iterations the fit converged.
final sum of squares of residuals : 23.1437
rel. change during last iteration : -5.72457e-09

degrees of freedom    (FIT_NDF)                        : 4
rms of residuals      (FIT_STDFIT) = sqrt(WSSR/ndf)    : 2.40539
variance of residuals (reduced chisquare) = WSSR/ndf   : 5.78592

Final set of parameters            Asymptotic Standard Error
=======================            ==========================
a1              = 2.55528          +/- 0.8529       (33.38%)
b1              = 25.3113          +/- 4.382        (17.31%)

correlation matrix of the fit parameters:
                a1     b1     
a1              1.000 
b1              0.975  1.000 


*******************************************************************************
Mon Nov 10 22:38:31 2025


FIT:    data read from 'data.txt' index 1 using 1:2
        format = x:z
        #datapoints = 6
        residuals are weighted equally (unit weight)

function used for fitting: f2(x)
	f2(x) = a2*log(x * c1) + b2
fitted parameters initialized with current variable values

iter      chisq       delta/lim  lambda   a2            b2           
   0 2.1605898712e+03   0.00e+00  7.66e+00    2.052072e+00   2.523404e+00
   4 1.7265163595e+01  -3.25e-01  7.66e-04    2.052073e+00   2.142369e+01

After 4 iterations the fit converged.
final sum of squares of residuals : 17.2652
rel. change during last iteration : -3.25383e-06

degrees of freedom    (FIT_NDF)                        : 4
rms of residuals      (FIT_STDFIT) = sqrt(WSSR/ndf)    : 2.07757
variance of residuals (reduced chisquare) = WSSR/ndf   : 4.31629

Final set of parameters            Asymptotic Standard Error
=======================            ==========================
a2              = 2.05207          +/- 0.7367       (35.9%)
b2              = 21.4237          +/- 3.785        (17.67%)

correlation matrix of the fit parameters:
                a2     b2     
a2              1.000 
b2              0.975  1.000 


*******************************************************************************
Mon Nov 10 22:38:31 2025


FIT:    data read from 'data.txt' index 2 using 1:2
        format = x:z
        #datapoints = 6
        residuals are weighted equally (unit weight)

function used for fitting: f3(x)
	f3(x) = a3*log(x * c1) + b3
fitted parameters initialized with current variable values

iter      chisq       delta/lim  lambda   a3            b3           
   0 1.5399491091e+03   0.00e+00  6.62e+00    1.729976e+00   2.927447e+00
   4 1.6658305363e+01  -2.94e-02  6.62e-04    1.729976e+00   1.886112e+01

After 4 iterations the fit converged.
final sum of squares of residuals : 16.6583
rel. change during last iteration : -2.94023e-07

degrees of freedom    (FIT_NDF)                        : 4
rms of residuals      (FIT_STDFIT) = sqrt(WSSR/ndf)    : 2.04073
variance of residuals (reduced chisquare) = WSSR/ndf   : 4.16458

Final set of parameters            Asymptotic Standard Error
=======================            ==========================
a3              = 1.72998          +/- 0.7236       (41.83%)
b3              = 18.8611          +/- 3.717        (19.71%)

correlation matrix of the fit parameters:
                a3     b3     
a3              1.000 
b3              0.975  1.000 


*******************************************************************************
Mon Nov 10 22:38:31 2025


FIT:    data read from 'data.txt' index 3 using 1:2
        format = x:z
        #datapoints = 6
        residuals are weighted equally (unit weight)

function used for fitting: f4(x)
	f4(x) = a4*log(x * c1) + b4
fitted parameters initialized with current variable values

iter      chisq       delta/lim  lambda   a4            b4           
   0 1.1928606247e+03   0.00e+00  5.86e+00    1.522209e+00   2.750866e+00
   4 1.3487074692e+01  -1.84e-02  5.86e-04    1.522210e+00   1.677093e+01

After 4 iterations the fit converged.
final sum of squares of residuals : 13.4871
rel. change during last iteration : -1.83958e-07

degrees of freedom    (FIT_NDF)                        : 4
rms of residuals      (FIT_STDFIT) = sqrt(WSSR/ndf)    : 1.83624
variance of residuals (reduced chisquare) = WSSR/ndf   : 3.37177

Final set of parameters            Asymptotic Standard Error
=======================            ==========================
a4              = 1.52221          +/- 0.6511       (42.78%)
b4              = 16.7709          +/- 3.345        (19.94%)

correlation matrix of the fit parameters:
                a4     b4     
a4              1.000 
b4              0.975  1.000 


*******************************************************************************
Mon Nov 10 22:39:10 2025


FIT:    data read from 'data.txt' index 0 using 1:2
        format = x:z
        #datapoints = 6
        residuals are weighted equally (unit weight)

function used for fitting: f1(x)
	f1(x) = a1*log(x * c1) + b1
fitted parameters initialized with current variable values

iter      chisq       delta/lim  lambda   a1            b1           
   0 4.6094763781e+03   0.00e+00  2.09e+01    2.555282e+00   2.531134e+01
   4 2.3143663795e+01  -5.71e-04  2.09e-03    2.555282e+00  -2.336245e+00

After 4 iterations the fit converged.
final sum of squares of residuals : 23.1437
rel. change during last iteration : -5.70644e-09

degrees of freedom    (FIT_NDF)                        : 4
rms of residuals      (FIT_STDFIT) = sqrt(WSSR/ndf)    : 2.40539
variance of residuals (reduced chisquare) = WSSR/ndf   : 5.78592

Final set of parameters            Asymptotic Standard Error
=======================            ==========================
a1              = 2.55528          +/- 0.8529       (33.38%)
b1              = -2.33624         +/- 5.055        (216.4%)

correlation matrix of the fit parameters:
                a1     b1     
a1              1.000 
b1             -0.981  1.000 


*******************************************************************************
Mon Nov 10 22:39:10 2025


FIT:    data read from 'data.txt' index 1 using 1:2
        format = x:z
        #datapoints = 6
        residuals are weighted equally (unit weight)

function used for fitting: f2(x)
	f2(x) = a2*log(x * c1) + b2
fitted parameters initialized with current variable values

iter      chisq       delta/lim  lambda   a2            b2           
   0 2.9750967504e+03   0.00e+00  1.74e+01    2.052073e+00   2.142369e+01
   4 1.7265163595e+01  -5.17e-04  1.74e-03    2.052073e+00  -7.792813e-01

After 4 iterations the fit converged.
final sum of squares of residuals : 17.2652
rel. change during last iteration : -5.17196e-09

degrees of freedom    (FIT_NDF)                        : 4
rms of residuals      (FIT_STDFIT) = sqrt(WSSR/ndf)    : 2.07757
variance of residuals (reduced chisquare) = WSSR/ndf   : 4.31629

Final set of parameters            Asymptotic Standard Error
=======================            ==========================
a2              = 2.05207          +/- 0.7367       (35.9%)
b2              = -0.779281        +/- 4.366        (560.2%)

correlation matrix of the fit parameters:
                a2     b2     
a2              1.000 
b2             -0.981  1.000 


*******************************************************************************
Mon Nov 10 22:39:10 2025


FIT:    data read from 'data.txt' index 2 using 1:2
        format = x:z
        #datapoints = 6
        residuals are weighted equally (unit weight)

function used for fitting: f3(x)
	f3(x) = a3*log(x * c1) + b3
fitted parameters initialized with current variable values

iter      chisq       delta/lim  lambda   a3            b3           
   0 2.1188306796e+03   0.00e+00  1.52e+01    1.729976e+00   1.886112e+01
   4 1.6658305363e+01  -3.99e-04  1.52e-03    1.729976e+00   1.431562e-01

After 4 iterations the fit converged.
final sum of squares of residuals : 16.6583
rel. change during last iteration : -3.99427e-09

degrees of freedom    (FIT_NDF)                        : 4
rms of residuals      (FIT_STDFIT) = sqrt(WSSR/ndf)    : 2.04073
variance of residuals (reduced chisquare) = WSSR/ndf   : 4.16458

Final set of parameters            Asymptotic Standard Error
=======================            ==========================
a3              = 1.72998          +/- 0.7236       (41.83%)
b3              = 0.143156         +/- 4.288        (2996%)

correlation matrix of the fit parameters:
                a3     b3     
a3              1.000 
b3             -0.981  1.000 


*******************************************************************************
Mon Nov 10 22:39:10 2025


FIT:    data read from 'data.txt' index 3 using 1:2
        format = x:z
        #datapoints = 6
        residuals are weighted equally (unit weight)

function used for fitting: f4(x)
	f4(x) = a4*log(x * c1) + b4
fitted parameters initialized with current variable values

iter      chisq       delta/lim  lambda   a4            b4           
   0 1.6410466357e+03   0.00e+00  1.35e+01    1.522210e+00   1.677093e+01
   4 1.3487074692e+01  -3.87e-04  1.35e-03    1.522210e+00   3.009635e-01

After 4 iterations the fit converged.
final sum of squares of residuals : 13.4871
rel. change during last iteration : -3.86773e-09

degrees of freedom    (FIT_NDF)                        : 4
rms of residuals      (FIT_STDFIT) = sqrt(WSSR/ndf)    : 1.83624
variance of residuals (reduced chisquare) = WSSR/ndf   : 3.37177

Final set of parameters            Asymptotic Standard Error
=======================            ==========================
a4              = 1.52221          +/- 0.6511       (42.78%)
b4              = 0.300963         +/- 3.859        (1282%)

correlation matrix of the fit parameters:
                a4     b4     
a4              1.000 
b4             -0.981  1.000 
