

*******************************************************************************
Sun Dec  7 00:52:21 2025


FIT:    data read from 'data.txt' index 0 using 1:2
        format = x:z
        #datapoints = 24
        residuals are weighted equally (unit weight)

function used for fitting: f1(x)
	f1(x) = a1*x**6 + b1*x + c1
fitted parameters initialized with current variable values

iter      chisq       delta/lim  lambda   a1            b1            c1           
   0 8.1273621776e+36   0.00e+00  3.36e+17    1.000000e+00   1.000000e+00   1.000000e+00
   5 7.4356898970e+06  -1.47e-04  3.36e+12   -9.852454e-16   1.000000e+00   1.000000e+00

After 5 iterations the fit converged.
final sum of squares of residuals : 7.43569e+06
rel. change during last iteration : -1.47183e-09

degrees of freedom    (FIT_NDF)                        : 21
rms of residuals      (FIT_STDFIT) = sqrt(WSSR/ndf)    : 595.047
variance of residuals (reduced chisquare) = WSSR/ndf   : 354080

Final set of parameters            Asymptotic Standard Error
=======================            ==========================
a1              = -9.85245e-16     +/- 4.996e-16    (50.7%)
b1              = 1                +/- 0.6259       (62.59%)
c1              = 1                +/- 205.5        (2.055e+04%)

correlation matrix of the fit parameters:
                a1     b1     c1     
a1              1.000 
b1             -0.871  1.000 
c1              0.448 -0.719  1.000 


*******************************************************************************
Sun Dec  7 00:52:21 2025


FIT:    data read from 'data.txt' index 1 using 1:2
        format = x:z
BREAK: No data to fit

*******************************************************************************
Sun Dec  7 00:53:00 2025


FIT:    data read from 'data.txt' index 0 using 1:2
        format = x:z
        #datapoints = 24
        residuals are weighted equally (unit weight)

function used for fitting: f1(x)
	f1(x) = a1*x**6 + b1*x + c1
fitted parameters initialized with current variable values

iter      chisq       delta/lim  lambda   a1            b1            c1           
   0 7.4356898970e+06   0.00e+00  4.78e+02   -9.852454e-16   1.000000e+00   1.000000e+00
   6 1.3807320835e+05  -7.62e-07  4.78e-04    7.298553e-16  -8.212933e-01  -6.612882e+01

After 6 iterations the fit converged.
final sum of squares of residuals : 138073
rel. change during last iteration : -7.62243e-12

degrees of freedom    (FIT_NDF)                        : 21
rms of residuals      (FIT_STDFIT) = sqrt(WSSR/ndf)    : 81.0858
variance of residuals (reduced chisquare) = WSSR/ndf   : 6574.91

Final set of parameters            Asymptotic Standard Error
=======================            ==========================
a1              = 7.29855e-16      +/- 6.807e-17    (9.327%)
b1              = -0.821293        +/- 0.08529      (10.38%)
c1              = -66.1288         +/- 28           (42.34%)

correlation matrix of the fit parameters:
                a1     b1     c1     
a1              1.000 
b1             -0.871  1.000 
c1              0.448 -0.719  1.000 


*******************************************************************************
Sun Dec  7 00:53:00 2025


FIT:    data read from 'data.txt' index 1 using 1:2
        format = x:z
BREAK: No data to fit

*******************************************************************************
Sun Dec  7 00:55:09 2025


FIT:    data read from 'data.txt' index 0 using 1:2
        format = x:z
        #datapoints = 24
        residuals are weighted equally (unit weight)

function used for fitting: f1(x)
	f1(x) = a1*x**6 + b1*x + c1
fitted parameters initialized with current variable values

iter      chisq       delta/lim  lambda   a1            b1            c1           
   0 1.3807320835e+05   0.00e+00  3.77e+02    7.298553e-16  -8.212933e-01  -6.612882e+01
   1 1.3807320835e+05   0.00e+00  3.77e+01    7.298553e-16  -8.212933e-01  -6.612882e+01

After 1 iterations the fit converged.
final sum of squares of residuals : 138073
rel. change during last iteration : 0

degrees of freedom    (FIT_NDF)                        : 21
rms of residuals      (FIT_STDFIT) = sqrt(WSSR/ndf)    : 81.0858
variance of residuals (reduced chisquare) = WSSR/ndf   : 6574.91

Final set of parameters            Asymptotic Standard Error
=======================            ==========================
a1              = 7.29855e-16      +/- 6.807e-17    (9.327%)
b1              = -0.821293        +/- 0.08529      (10.38%)
c1              = -66.1288         +/- 28           (42.34%)

correlation matrix of the fit parameters:
                a1     b1     c1     
a1              1.000 
b1             -0.871  1.000 
c1              0.448 -0.719  1.000 


*******************************************************************************
Sun Dec  7 00:55:21 2025


FIT:    data read from 'data.txt' index 1 using 1:2
        format = x:z
BREAK: No data to fit

*******************************************************************************
Sun Dec  7 00:56:13 2025


FIT:    data read from 'data.txt' index 0 using 1:2
        format = x:z
        #datapoints = 12
        residuals are weighted equally (unit weight)

function used for fitting: f1(x)
	f1(x) = a1*x**6 + b1*x + c1
fitted parameters initialized with current variable values

iter      chisq       delta/lim  lambda   a1            b1            c1           
   0 6.6505087721e+04   0.00e+00  3.72e+02    7.298553e-16  -8.212933e-01  -6.612882e+01
   3 6.5407365048e+04  -4.10e-03  3.72e-01    7.369042e-16  -8.120378e-01  -6.565482e+01

After 3 iterations the fit converged.
final sum of squares of residuals : 65407.4
rel. change during last iteration : -4.09958e-08

degrees of freedom    (FIT_NDF)                        : 9
rms of residuals      (FIT_STDFIT) = sqrt(WSSR/ndf)    : 85.2495
variance of residuals (reduced chisquare) = WSSR/ndf   : 7267.49

Final set of parameters            Asymptotic Standard Error
=======================            ==========================
a1              = 7.36904e-16      +/- 1.027e-16    (13.93%)
b1              = -0.812038        +/- 0.1269       (15.63%)
c1              = -65.6548         +/- 41.75        (63.59%)

correlation matrix of the fit parameters:
                a1     b1     c1     
a1              1.000 
b1             -0.869  1.000 
c1              0.450 -0.723  1.000 


*******************************************************************************
Sun Dec  7 00:56:13 2025


FIT:    data read from 'data.txt' index 1 using 1:2
        format = x:z
        #datapoints = 12
        residuals are weighted equally (unit weight)

function used for fitting: f2(x)
	f2(x) = a2*x**6 + b2*x + c2
fitted parameters initialized with current variable values

iter      chisq       delta/lim  lambda   a2            b2            c2           
   0 4.2403452583e+36   0.00e+00  3.43e+17    1.000000e+00   1.000000e+00   1.000000e+00
   5 3.7290162518e+06  -3.81e-02  3.43e+12   -9.771709e-16   1.000000e+00   1.000000e+00

After 5 iterations the fit converged.
final sum of squares of residuals : 3.72902e+06
rel. change during last iteration : -3.81365e-07

degrees of freedom    (FIT_NDF)                        : 9
rms of residuals      (FIT_STDFIT) = sqrt(WSSR/ndf)    : 643.689
variance of residuals (reduced chisquare) = WSSR/ndf   : 414335

Final set of parameters            Asymptotic Standard Error
=======================            ==========================
a2              = -9.77171e-16     +/- 7.548e-16    (77.25%)
b2              = 1                +/- 0.9574       (95.74%)
c2              = 1                +/- 313.4        (3.134e+04%)

correlation matrix of the fit parameters:
                a2     b2     c2     
a2              1.000 
b2             -0.873  1.000 
c2              0.446 -0.716  1.000 


*******************************************************************************
Sun Dec  7 00:57:00 2025


FIT:    data read from 'data.txt' index 0 using 1:2
        format = x:z
        #datapoints = 12
        residuals are weighted equally (unit weight)

function used for fitting: f1(x)
	f1(x) = a1*x**2 + b1*x + c1
fitted parameters initialized with current variable values

iter      chisq       delta/lim  lambda   a1            b1            c1           
   0 2.1761653665e+06   0.00e+00  2.81e+02    7.369042e-16  -8.120378e-01  -6.565482e+01
   4 4.3992750807e+05  -2.10e-06  2.81e-02    7.369056e-16  -1.991379e-02  -2.005092e+02

After 4 iterations the fit converged.
final sum of squares of residuals : 439928
rel. change during last iteration : -2.102e-11

degrees of freedom    (FIT_NDF)                        : 9
rms of residuals      (FIT_STDFIT) = sqrt(WSSR/ndf)    : 221.09
variance of residuals (reduced chisquare) = WSSR/ndf   : 48880.8

Final set of parameters            Asymptotic Standard Error
=======================            ==========================
a1              = 7.36906e-16      +/- 0.0006224    (8.446e+13%)
b1              = -0.0199138       +/- 0.6749       (3389%)
c1              = -200.509         +/- 121          (60.32%)

correlation matrix of the fit parameters:
                a1     b1     c1     
a1              1.000 
b1             -0.971  1.000 
c1              0.601 -0.728  1.000 


*******************************************************************************
Sun Dec  7 00:57:00 2025


FIT:    data read from 'data.txt' index 1 using 1:2
        format = x:z
        #datapoints = 12
        residuals are weighted equally (unit weight)

function used for fitting: f2(x)
	f2(x) = a2*x**2 + b2*x + c2
fitted parameters initialized with current variable values

iter      chisq       delta/lim  lambda   a2            b2            c2           
   0 7.7779649694e+06   0.00e+00  3.47e+02   -9.771709e-16   1.000000e+00   1.000000e+00
   6 4.5373301029e+05  -5.95e-07  3.47e-04   -9.593783e-16  -2.921499e-02  -2.006472e+02

After 6 iterations the fit converged.
final sum of squares of residuals : 453733
rel. change during last iteration : -5.94747e-12

degrees of freedom    (FIT_NDF)                        : 9
rms of residuals      (FIT_STDFIT) = sqrt(WSSR/ndf)    : 224.532
variance of residuals (reduced chisquare) = WSSR/ndf   : 50414.8

Final set of parameters            Asymptotic Standard Error
=======================            ==========================
a2              = -9.59378e-16     +/- 0.0007012    (7.309e+13%)
b2              = -0.029215        +/- 0.7714       (2640%)
c2              = -200.647         +/- 127.5        (63.53%)

correlation matrix of the fit parameters:
                a2     b2     c2     
a2              1.000 
b2             -0.977  1.000 
c2              0.641 -0.748  1.000 


*******************************************************************************
Sun Dec  7 00:57:17 2025


FIT:    data read from 'data.txt' index 0 using 1:2
        format = x:z
        #datapoints = 12
        residuals are weighted equally (unit weight)

function used for fitting: f1(x)
	f1(x) = a1*x**5 + b1*x + c1
fitted parameters initialized with current variable values

iter      chisq       delta/lim  lambda   a1            b1            c1           
   0 4.3923753939e+05   0.00e+00  1.16e+02    7.369056e-16  -1.991379e-02  -2.005092e+02
   6 5.5755897524e+04  -1.45e-04  1.16e-04    8.182072e-13  -8.892373e-01  -5.671697e+01

After 6 iterations the fit converged.
final sum of squares of residuals : 55755.9
rel. change during last iteration : -1.44667e-09

degrees of freedom    (FIT_NDF)                        : 9
rms of residuals      (FIT_STDFIT) = sqrt(WSSR/ndf)    : 78.709
variance of residuals (reduced chisquare) = WSSR/ndf   : 6195.1

Final set of parameters            Asymptotic Standard Error
=======================            ==========================
a1              = 8.18207e-13      +/- 1.039e-13    (12.7%)
b1              = -0.889237        +/- 0.1246       (14.02%)
c1              = -56.717          +/- 38.97        (68.71%)

correlation matrix of the fit parameters:
                a1     b1     c1     
a1              1.000 
b1             -0.886  1.000 
c1              0.469 -0.723  1.000 


*******************************************************************************
Sun Dec  7 00:57:17 2025


FIT:    data read from 'data.txt' index 1 using 1:2
        format = x:z
        #datapoints = 12
        residuals are weighted equally (unit weight)

function used for fitting: f2(x)
	f2(x) = a2*x**5 + b2*x + c2
fitted parameters initialized with current variable values

iter      chisq       delta/lim  lambda   a2            b2            c2           
   0 4.5466649087e+05   0.00e+00  1.16e+02   -9.593783e-16  -2.921499e-02  -2.006472e+02
   6 6.1428677561e+04  -1.11e-05  1.16e-04    8.095934e-13  -9.103795e-01  -5.752791e+01

After 6 iterations the fit converged.
final sum of squares of residuals : 61428.7
rel. change during last iteration : -1.11455e-10

degrees of freedom    (FIT_NDF)                        : 9
rms of residuals      (FIT_STDFIT) = sqrt(WSSR/ndf)    : 82.616
variance of residuals (reduced chisquare) = WSSR/ndf   : 6825.41

Final set of parameters            Asymptotic Standard Error
=======================            ==========================
a2              = 8.09593e-13      +/- 1.068e-13    (13.19%)
b2              = -0.910379        +/- 0.1308       (14.36%)
c2              = -57.5279         +/- 40.66        (70.68%)

correlation matrix of the fit parameters:
                a2     b2     c2     
a2              1.000 
b2             -0.889  1.000 
c2              0.464 -0.717  1.000 


*******************************************************************************
Sun Dec  7 00:57:52 2025


FIT:    data read from 'data.txt' index 0 using 1:2
        format = x:z
        #datapoints = 12
        residuals are weighted equally (unit weight)

function used for fitting: f1(x)
	f1(x) = a1*x**5 + b1*x + c1
fitted parameters initialized with current variable values

iter      chisq       delta/lim  lambda   a1            b1            c1           
   0 3.7340401876e+30   0.00e+00  3.22e+14    1.000000e+00   1.000000e+00   1.000000e+00
   5 3.4894285246e+06  -3.60e-08  3.22e+09   -1.042425e-12   1.000000e+00   1.000000e+00

After 5 iterations the fit converged.
final sum of squares of residuals : 3.48943e+06
rel. change during last iteration : -3.60446e-13

degrees of freedom    (FIT_NDF)                        : 9
rms of residuals      (FIT_STDFIT) = sqrt(WSSR/ndf)    : 622.667
variance of residuals (reduced chisquare) = WSSR/ndf   : 387714

Final set of parameters            Asymptotic Standard Error
=======================            ==========================
a1              = -1.04243e-12     +/- 8.22e-13     (78.85%)
b1              = 1                +/- 0.9861       (98.61%)
c1              = 1                +/- 308.3        (3.083e+04%)

correlation matrix of the fit parameters:
                a1     b1     c1     
a1              1.000 
b1             -0.886  1.000 
c1              0.469 -0.723  1.000 


*******************************************************************************
Sun Dec  7 00:57:52 2025


FIT:    data read from 'data.txt' index 1 using 1:2
        format = x:z
        #datapoints = 12
        residuals are weighted equally (unit weight)

function used for fitting: f2(x)
	f2(x) = a2*x**5 + b2*x + c2
fitted parameters initialized with current variable values

iter      chisq       delta/lim  lambda   a2            b2            c2           
   0 4.0302589748e+30   0.00e+00  3.35e+14    1.000000e+00   1.000000e+00   1.000000e+00
   5 3.5095494396e+06  -3.87e-08  3.35e+09   -1.029122e-12   1.000000e+00   1.000000e+00

After 5 iterations the fit converged.
final sum of squares of residuals : 3.50955e+06
rel. change during last iteration : -3.86641e-13

degrees of freedom    (FIT_NDF)                        : 9
rms of residuals      (FIT_STDFIT) = sqrt(WSSR/ndf)    : 624.46
variance of residuals (reduced chisquare) = WSSR/ndf   : 389950

Final set of parameters            Asymptotic Standard Error
=======================            ==========================
a2              = -1.02912e-12     +/- 8.072e-13    (78.43%)
b2              = 1                +/- 0.9883       (98.83%)
c2              = 1                +/- 307.3        (3.073e+04%)

correlation matrix of the fit parameters:
                a2     b2     c2     
a2              1.000 
b2             -0.889  1.000 
c2              0.464 -0.717  1.000 


*******************************************************************************
Sun Dec  7 00:58:03 2025


FIT:    data read from 'data.txt' index 0 using 1:2
        format = x:z
        #datapoints = 12
        residuals are weighted equally (unit weight)

function used for fitting: f1(x)
	f1(x) = a1*x**5 + b1*x + c1
fitted parameters initialized with current variable values

iter      chisq       delta/lim  lambda   a1            b1            c1           
   0 3.7340401876e+30   0.00e+00  3.22e+14    1.000000e+00   1.000000e+00   1.000000e+00
   5 3.4894285246e+06  -3.60e-08  3.22e+09   -1.042425e-12   1.000000e+00   1.000000e+00

After 5 iterations the fit converged.
final sum of squares of residuals : 3.48943e+06
rel. change during last iteration : -3.60446e-13

degrees of freedom    (FIT_NDF)                        : 9
rms of residuals      (FIT_STDFIT) = sqrt(WSSR/ndf)    : 622.667
variance of residuals (reduced chisquare) = WSSR/ndf   : 387714

Final set of parameters            Asymptotic Standard Error
=======================            ==========================
a1              = -1.04243e-12     +/- 8.22e-13     (78.85%)
b1              = 1                +/- 0.9861       (98.61%)
c1              = 1                +/- 308.3        (3.083e+04%)

correlation matrix of the fit parameters:
                a1     b1     c1     
a1              1.000 
b1             -0.886  1.000 
c1              0.469 -0.723  1.000 


*******************************************************************************
Sun Dec  7 00:58:03 2025


FIT:    data read from 'data.txt' index 1 using 1:2
        format = x:z
        #datapoints = 12
        residuals are weighted equally (unit weight)

function used for fitting: f2(x)
	f2(x) = a2*x**5 + b2*x + c2
fitted parameters initialized with current variable values

iter      chisq       delta/lim  lambda   a2            b2            c2           
   0 4.0302589748e+30   0.00e+00  3.35e+14    1.000000e+00   1.000000e+00   1.000000e+00
   5 3.5095494396e+06  -3.87e-08  3.35e+09   -1.029122e-12   1.000000e+00   1.000000e+00

After 5 iterations the fit converged.
final sum of squares of residuals : 3.50955e+06
rel. change during last iteration : -3.86641e-13

degrees of freedom    (FIT_NDF)                        : 9
rms of residuals      (FIT_STDFIT) = sqrt(WSSR/ndf)    : 624.46
variance of residuals (reduced chisquare) = WSSR/ndf   : 389950

Final set of parameters            Asymptotic Standard Error
=======================            ==========================
a2              = -1.02912e-12     +/- 8.072e-13    (78.43%)
b2              = 1                +/- 0.9883       (98.83%)
c2              = 1                +/- 307.3        (3.073e+04%)

correlation matrix of the fit parameters:
                a2     b2     c2     
a2              1.000 
b2             -0.889  1.000 
c2              0.464 -0.717  1.000 


*******************************************************************************
Sun Dec  7 00:58:16 2025


FIT:    data read from 'data.txt' index 0 using 1:2
        format = x:z
        #datapoints = 12
        residuals are weighted equally (unit weight)

function used for fitting: f1(x)
	f1(x) = a1*x**1 + b1*x + c1
fitted parameters initialized with current variable values

iter      chisq       delta/lim  lambda   a1            b1            c1           
   0 2.2612170198e+07   0.00e+00  4.86e+02    1.000000e+00   1.000000e+00   1.000000e+00
   6 4.3992750807e+05  -1.22e-05  4.86e-04   -2.896612e-02   9.052325e-03  -2.005092e+02

After 6 iterations the fit converged.
final sum of squares of residuals : 439928
rel. change during last iteration : -1.22e-10

degrees of freedom    (FIT_NDF)                        : 9
rms of residuals      (FIT_STDFIT) = sqrt(WSSR/ndf)    : 221.09
variance of residuals (reduced chisquare) = WSSR/ndf   : 48880.8

Final set of parameters            Asymptotic Standard Error
=======================            ==========================
a1              = -0.0289661       +/- 6.278e+10    (2.167e+14%)
b1              = 0.00905232       +/- 6.278e+10    (6.935e+14%)
c1              = -200.509         +/- 99.8         (49.78%)

correlation matrix of the fit parameters:
                a1     b1     c1     
a1              1.000 
b1             -1.000  1.000 
c1              0.247 -0.247  1.000 


*******************************************************************************
Sun Dec  7 00:58:16 2025


FIT:    data read from 'data.txt' index 1 using 1:2
        format = x:z
        #datapoints = 12
        residuals are weighted equally (unit weight)

function used for fitting: f2(x)
	f2(x) = a2*x**1 + b2*x + c2
fitted parameters initialized with current variable values

iter      chisq       delta/lim  lambda   a2            b2            c2           
   0 2.3218768508e+07   0.00e+00  4.91e+02    1.000000e+00   1.000000e+00   1.000000e+00
   6 4.5373301029e+05  -1.27e-05  4.91e-04   -1.962994e-03  -2.725200e-02  -2.006472e+02

After 6 iterations the fit converged.
final sum of squares of residuals : 453733
rel. change during last iteration : -1.26755e-10

degrees of freedom    (FIT_NDF)                        : 9
rms of residuals      (FIT_STDFIT) = sqrt(WSSR/ndf)    : 224.532
variance of residuals (reduced chisquare) = WSSR/ndf   : 50414.8

Final set of parameters            Asymptotic Standard Error
=======================            ==========================
a2              = -0.00196299      +/- 1.156e+10    (5.89e+14%)
b2              = -0.027252        +/- 1.156e+10    (4.242e+13%)
c2              = -200.647         +/- 98.23        (48.96%)

correlation matrix of the fit parameters:
                a2     b2     c2     
a2              1.000 
b2             -1.000  1.000 
c2             -0.086  0.086  1.000 


*******************************************************************************
Sun Dec  7 00:58:28 2025


FIT:    data read from 'data.txt' index 0 using 1:2
        format = x:z
        #datapoints = 12
        residuals are weighted equally (unit weight)

function used for fitting: f1(x)
	f1(x) = a1*x**3 + b1*x + c1
fitted parameters initialized with current variable values

iter      chisq       delta/lim  lambda   a1            b1            c1           
   0 3.5678910172e+18   0.00e+00  3.15e+08    1.000000e+00   1.000000e+00   1.000000e+00
   4 2.6718297249e+06  -9.58e-01  3.15e+04   -1.168920e-06   9.999875e-01   1.000000e+00

After 4 iterations the fit converged.
final sum of squares of residuals : 2.67183e+06
rel. change during last iteration : -9.57683e-06

degrees of freedom    (FIT_NDF)                        : 9
rms of residuals      (FIT_STDFIT) = sqrt(WSSR/ndf)    : 544.858
variance of residuals (reduced chisquare) = WSSR/ndf   : 296870

Final set of parameters            Asymptotic Standard Error
=======================            ==========================
a1              = -1.16892e-06     +/- 1.019e-06    (87.18%)
b1              = 0.999987         +/- 1.145        (114.5%)
c1              = 1                +/- 283.2        (2.832e+04%)

correlation matrix of the fit parameters:
                a1     b1     c1     
a1              1.000 
b1             -0.937  1.000 
c1              0.540 -0.727  1.000 


*******************************************************************************
Sun Dec  7 00:58:28 2025


FIT:    data read from 'data.txt' index 1 using 1:2
        format = x:z
        #datapoints = 12
        residuals are weighted equally (unit weight)

function used for fitting: f2(x)
	f2(x) = a2*x**3 + b2*x + c2
fitted parameters initialized with current variable values

iter      chisq       delta/lim  lambda   a2            b2            c2           
   0 3.7638565620e+18   0.00e+00  3.23e+08    1.000000e+00   1.000000e+00   1.000000e+00
   4 2.6882420938e+06  -8.88e-01  3.23e+04   -1.162855e-06   9.999882e-01   1.000000e+00

After 4 iterations the fit converged.
final sum of squares of residuals : 2.68824e+06
rel. change during last iteration : -8.88197e-06

degrees of freedom    (FIT_NDF)                        : 9
rms of residuals      (FIT_STDFIT) = sqrt(WSSR/ndf)    : 546.529
variance of residuals (reduced chisquare) = WSSR/ndf   : 298694

Final set of parameters            Asymptotic Standard Error
=======================            ==========================
a2              = -1.16285e-06     +/- 1.013e-06    (87.07%)
b2              = 0.999988         +/- 1.15         (115%)
c2              = 1                +/- 282.2        (2.822e+04%)

correlation matrix of the fit parameters:
                a2     b2     c2     
a2              1.000 
b2             -0.939  1.000 
c2              0.536 -0.721  1.000 


*******************************************************************************
Sun Dec  7 00:58:48 2025


FIT:    data read from 'data.txt' index 0 using 1:2
        format = x:z
        #datapoints = 12
        residuals are weighted equally (unit weight)

function used for fitting: f1(x)
	f1(x) = a1*x**7 + b1*x + c1
fitted parameters initialized with current variable values

iter      chisq       delta/lim  lambda   a1            b1            c1           
   0 4.0660632256e+42   0.00e+00  3.36e+20    1.000000e+00   1.000000e+00   1.000000e+00
   6 3.8589679191e+06   0.00e+00  3.36e+17   -9.523832e-19   1.000000e+00   1.000000e+00

After 6 iterations the fit converged.
final sum of squares of residuals : 3.85897e+06
rel. change during last iteration : 0

degrees of freedom    (FIT_NDF)                        : 9
rms of residuals      (FIT_STDFIT) = sqrt(WSSR/ndf)    : 654.809
variance of residuals (reduced chisquare) = WSSR/ndf   : 428774

Final set of parameters            Asymptotic Standard Error
=======================            ==========================
a1              = -9.52383e-19     +/- 7.344e-19    (77.11%)
b1              = 1                +/- 0.9349       (93.49%)
c1              = 1                +/- 318.3        (3.183e+04%)

correlation matrix of the fit parameters:
                a1     b1     c1     
a1              1.000 
b1             -0.857  1.000 
c1              0.436 -0.722  1.000 


*******************************************************************************
Sun Dec  7 00:58:48 2025


FIT:    data read from 'data.txt' index 1 using 1:2
        format = x:z
        #datapoints = 12
        residuals are weighted equally (unit weight)

function used for fitting: f2(x)
	f2(x) = a2*x**7 + b2*x + c2
fitted parameters initialized with current variable values

iter      chisq       delta/lim  lambda   a2            b2            c2           
   0 4.4814314432e+42   0.00e+00  3.53e+20    1.000000e+00   1.000000e+00   1.000000e+00
   6 3.8837122908e+06   0.00e+00  3.53e+14   -9.321884e-19   1.000000e+00   1.000000e+00

After 6 iterations the fit converged.
final sum of squares of residuals : 3.88371e+06
rel. change during last iteration : 0

degrees of freedom    (FIT_NDF)                        : 9
rms of residuals      (FIT_STDFIT) = sqrt(WSSR/ndf)    : 656.905
variance of residuals (reduced chisquare) = WSSR/ndf   : 431524

Final set of parameters            Asymptotic Standard Error
=======================            ==========================
a2              = -9.32188e-19     +/- 7.141e-19    (76.6%)
b2              = 1                +/- 0.9374       (93.74%)
c2              = 1                +/- 317.6        (3.176e+04%)

correlation matrix of the fit parameters:
                a2     b2     c2     
a2              1.000 
b2             -0.861  1.000 
c2              0.433 -0.716  1.000 


*******************************************************************************
Sun Dec  7 00:59:23 2025


FIT:    data read from 'data.txt' index 0 using 1:2
        format = x:z
        #datapoints = 24
        residuals are weighted equally (unit weight)

function used for fitting: f1(x)
	f1(x) = a1*x**7 + b1*x + c1
fitted parameters initialized with current variable values

iter      chisq       delta/lim  lambda   a1            b1            c1           
   0 8.5474946689e+42   0.00e+00  3.45e+20    1.000000e+00   1.000000e+00   1.000000e+00
   6 7.7435496383e+06   0.00e+00  3.45e+18   -9.417951e-19   1.000000e+00   1.000000e+00

After 6 iterations the fit converged.
final sum of squares of residuals : 7.74355e+06
rel. change during last iteration : 0

degrees of freedom    (FIT_NDF)                        : 21
rms of residuals      (FIT_STDFIT) = sqrt(WSSR/ndf)    : 607.24
variance of residuals (reduced chisquare) = WSSR/ndf   : 368740

Final set of parameters            Asymptotic Standard Error
=======================            ==========================
a1              = -9.41795e-19     +/- 4.736e-19    (50.29%)
b1              = 1                +/- 0.6126       (61.26%)
c1              = 1                +/- 208.1        (2.081e+04%)

correlation matrix of the fit parameters:
                a1     b1     c1     
a1              1.000 
b1             -0.859  1.000 
c1              0.434 -0.719  1.000 


*******************************************************************************
Sun Dec  7 00:59:23 2025


FIT:    data read from 'data.txt' index 1 using 1:2
        format = x:z
BREAK: No data to fit

*******************************************************************************
Sun Dec  7 00:59:35 2025


FIT:    data read from 'data.txt' index 0 using 1:2
        format = x:z
        #datapoints = 12
        residuals are weighted equally (unit weight)

function used for fitting: f1(x)
	f1(x) = a1*x**7 + b1*x + c1
fitted parameters initialized with current variable values

iter      chisq       delta/lim  lambda   a1            b1            c1           
   0 4.0660632256e+42   0.00e+00  3.36e+20    1.000000e+00   1.000000e+00   1.000000e+00
   6 3.8589679191e+06   0.00e+00  3.36e+17   -9.523832e-19   1.000000e+00   1.000000e+00

After 6 iterations the fit converged.
final sum of squares of residuals : 3.85897e+06
rel. change during last iteration : 0

degrees of freedom    (FIT_NDF)                        : 9
rms of residuals      (FIT_STDFIT) = sqrt(WSSR/ndf)    : 654.809
variance of residuals (reduced chisquare) = WSSR/ndf   : 428774

Final set of parameters            Asymptotic Standard Error
=======================            ==========================
a1              = -9.52383e-19     +/- 7.344e-19    (77.11%)
b1              = 1                +/- 0.9349       (93.49%)
c1              = 1                +/- 318.3        (3.183e+04%)

correlation matrix of the fit parameters:
                a1     b1     c1     
a1              1.000 
b1             -0.857  1.000 
c1              0.436 -0.722  1.000 


*******************************************************************************
Sun Dec  7 00:59:35 2025


FIT:    data read from 'data.txt' index 1 using 1:2
        format = x:z
        #datapoints = 12
        residuals are weighted equally (unit weight)

function used for fitting: f2(x)
	f2(x) = a2*x**7 + b2*x + c2
fitted parameters initialized with current variable values

iter      chisq       delta/lim  lambda   a2            b2            c2           
   0 4.4814314432e+42   0.00e+00  3.53e+20    1.000000e+00   1.000000e+00   1.000000e+00
   6 3.8837122908e+06   0.00e+00  3.53e+14   -9.321884e-19   1.000000e+00   1.000000e+00

After 6 iterations the fit converged.
final sum of squares of residuals : 3.88371e+06
rel. change during last iteration : 0

degrees of freedom    (FIT_NDF)                        : 9
rms of residuals      (FIT_STDFIT) = sqrt(WSSR/ndf)    : 656.905
variance of residuals (reduced chisquare) = WSSR/ndf   : 431524

Final set of parameters            Asymptotic Standard Error
=======================            ==========================
a2              = -9.32188e-19     +/- 7.141e-19    (76.6%)
b2              = 1                +/- 0.9374       (93.74%)
c2              = 1                +/- 317.6        (3.176e+04%)

correlation matrix of the fit parameters:
                a2     b2     c2     
a2              1.000 
b2             -0.861  1.000 
c2              0.433 -0.716  1.000 


*******************************************************************************
Sun Dec  7 00:59:52 2025


FIT:    data read from 'data.txt' index 0 using 1:2
        format = x:z
        #datapoints = 12
        residuals are weighted equally (unit weight)

function used for fitting: f1(x)
	f1(x) = a1*x**20 + b1*x + c1
fitted parameters initialized with current variable values

iter      chisq       delta/lim  lambda   a1            b1            c1           
   0 8.4960990059e+120  0.00e+00  4.86e+59    1.000000e+00   1.000000e+00   1.000000e+00
BREAK: Singular matrix in Invert_RtR

*******************************************************************************
Sun Dec  7 00:59:52 2025


FIT:    data read from 'data.txt' index 1 using 1:2
        format = x:z
        #datapoints = 12
        residuals are weighted equally (unit weight)

function used for fitting: f2(x)
	f2(x) = a2*x**20 + b2*x + c2
fitted parameters initialized with current variable values

iter      chisq       delta/lim  lambda   a2            b2            c2           
   0 1.0265455686e+121  0.00e+00  5.34e+59    1.000000e+00   1.000000e+00   1.000000e+00
BREAK: Singular matrix in Invert_RtR

*******************************************************************************
Sun Dec  7 01:00:08 2025


FIT:    data read from 'data.txt' index 0 using 1:2
        format = x:z
        #datapoints = 12
        residuals are weighted equally (unit weight)

function used for fitting: f1(x)
	f1(x) = a1*x**10 + b1*x + c1
fitted parameters initialized with current variable values

iter      chisq       delta/lim  lambda   a1            b1            c1           
   0 4.7276201984e+60   0.00e+00  3.62e+29    1.000000e+00   1.000000e+00   1.000000e+00
BREAK: Singular matrix in Invert_RtR

*******************************************************************************
Sun Dec  7 01:00:08 2025


FIT:    data read from 'data.txt' index 1 using 1:2
        format = x:z
        #datapoints = 12
        residuals are weighted equally (unit weight)

function used for fitting: f2(x)
	f2(x) = a2*x**10 + b2*x + c2
fitted parameters initialized with current variable values

iter      chisq       delta/lim  lambda   a2            b2            c2           
   0 5.3583188630e+60   0.00e+00  3.86e+29    1.000000e+00   1.000000e+00   1.000000e+00
BREAK: Singular matrix in Invert_RtR

*******************************************************************************
Sun Dec  7 01:00:14 2025


FIT:    data read from 'data.txt' index 0 using 1:2
        format = x:z
        #datapoints = 12
        residuals are weighted equally (unit weight)

function used for fitting: f1(x)
	f1(x) = a1*x**10 + b1*x + c1
fitted parameters initialized with current variable values

iter      chisq       delta/lim  lambda   a1            b1            c1           
   0 4.7276201984e+60   0.00e+00  3.62e+29    1.000000e+00   1.000000e+00   1.000000e+00
BREAK: Singular matrix in Invert_RtR

*******************************************************************************
Sun Dec  7 01:00:14 2025


FIT:    data read from 'data.txt' index 1 using 1:2
        format = x:z
        #datapoints = 12
        residuals are weighted equally (unit weight)

function used for fitting: f2(x)
	f2(x) = a2*x**10 + b2*x + c2
fitted parameters initialized with current variable values

iter      chisq       delta/lim  lambda   a2            b2            c2           
   0 5.3583188630e+60   0.00e+00  3.86e+29    1.000000e+00   1.000000e+00   1.000000e+00
BREAK: Singular matrix in Invert_RtR

*******************************************************************************
Sun Dec  7 01:00:26 2025


FIT:    data read from 'data.txt' index 0 using 1:2
        format = x:z
        #datapoints = 12
        residuals are weighted equally (unit weight)

function used for fitting: f1(x)
	f1(x) = a1*x**8 + b1*x + c1
fitted parameters initialized with current variable values

iter      chisq       delta/lim  lambda   a1            b1            c1           
   0 4.2666661168e+48   0.00e+00  3.44e+23    1.000000e+00   1.000000e+00   1.000000e+00
   1 3.1166297420e+45  -1.37e+08  3.44e+22    2.702703e-02   1.000000e+00   1.000000e+00

The maximum lambda = 1.000000e+20 was exceeded. Fit stopped.
final sum of squares of residuals : 3.11663e+45
rel. change during last iteration : -1368

degrees of freedom    (FIT_NDF)                        : 9
rms of residuals      (FIT_STDFIT) = sqrt(WSSR/ndf)    : 1.86089e+22
variance of residuals (reduced chisquare) = WSSR/ndf   : 3.46292e+44

Final set of parameters            Asymptotic Standard Error
=======================            ==========================
a1              = 0.027027         +/- 0.009009     (33.33%)
b1              = 1                +/- 2.502e+21    (2.502e+23%)
c1              = 1                +/- 9.161e+22    (9.161e+24%)

correlation matrix of the fit parameters:
                a1     b1     c1     
a1              1.000 
b1              0.000  1.000 
c1             -0.000 -0.997  1.000 


*******************************************************************************
Sun Dec  7 01:00:26 2025


FIT:    data read from 'data.txt' index 1 using 1:2
        format = x:z
        #datapoints = 12
        residuals are weighted equally (unit weight)

function used for fitting: f2(x)
	f2(x) = a2*x**8 + b2*x + c2
fitted parameters initialized with current variable values

iter      chisq       delta/lim  lambda   a2            b2            c2           
   0 4.7489265931e+48   0.00e+00  3.63e+23    1.000000e+00   1.000000e+00   1.000000e+00
   1 3.4689018211e+45  -1.37e+08  3.63e+22    2.702703e-02   1.000000e+00   1.000000e+00

The maximum lambda = 1.000000e+20 was exceeded. Fit stopped.
final sum of squares of residuals : 3.4689e+45
rel. change during last iteration : -1368

degrees of freedom    (FIT_NDF)                        : 9
rms of residuals      (FIT_STDFIT) = sqrt(WSSR/ndf)    : 1.96325e+22
variance of residuals (reduced chisquare) = WSSR/ndf   : 3.85434e+44

Final set of parameters            Asymptotic Standard Error
=======================            ==========================
a2              = 0.027027         +/- 0.009009     (33.33%)
b2              = 1                +/- 8.905e+20    (8.905e+22%)
c2              = 1                +/- 4.153e+22    (4.153e+24%)

correlation matrix of the fit parameters:
                a2     b2     c2     
a2              1.000 
b2             -0.000  1.000 
c2              0.000 -0.972  1.000 


*******************************************************************************
Sun Dec  7 01:00:39 2025


FIT:    data read from 'data.txt' index 0 using 1:2
        format = x:z
        #datapoints = 12
        residuals are weighted equally (unit weight)

function used for fitting: f1(x)
	f1(x) = a1*x**8 + b1*x + c1
fitted parameters initialized with current variable values

iter      chisq       delta/lim  lambda   a1            b1            c1           
   0 4.2666661168e+48   0.00e+00  3.44e+23    1.000000e+00   1.000000e+00   1.000000e+00
   1 3.1166297420e+45  -1.37e+08  3.44e+22    2.702703e-02   1.000000e+00   1.000000e+00

The maximum lambda = 1.000000e+20 was exceeded. Fit stopped.
final sum of squares of residuals : 3.11663e+45
rel. change during last iteration : -1368

degrees of freedom    (FIT_NDF)                        : 9
rms of residuals      (FIT_STDFIT) = sqrt(WSSR/ndf)    : 1.86089e+22
variance of residuals (reduced chisquare) = WSSR/ndf   : 3.46292e+44

Final set of parameters            Asymptotic Standard Error
=======================            ==========================
a1              = 0.027027         +/- 0.009009     (33.33%)
b1              = 1                +/- 2.502e+21    (2.502e+23%)
c1              = 1                +/- 9.161e+22    (9.161e+24%)

correlation matrix of the fit parameters:
                a1     b1     c1     
a1              1.000 
b1              0.000  1.000 
c1             -0.000 -0.997  1.000 


*******************************************************************************
Sun Dec  7 01:00:39 2025


FIT:    data read from 'data.txt' index 1 using 1:2
        format = x:z
        #datapoints = 12
        residuals are weighted equally (unit weight)

function used for fitting: f2(x)
	f2(x) = a2*x**8 + b2*x + c2
fitted parameters initialized with current variable values

iter      chisq       delta/lim  lambda   a2            b2            c2           
   0 4.7489265931e+48   0.00e+00  3.63e+23    1.000000e+00   1.000000e+00   1.000000e+00
   1 3.4689018211e+45  -1.37e+08  3.63e+22    2.702703e-02   1.000000e+00   1.000000e+00

The maximum lambda = 1.000000e+20 was exceeded. Fit stopped.
final sum of squares of residuals : 3.4689e+45
rel. change during last iteration : -1368

degrees of freedom    (FIT_NDF)                        : 9
rms of residuals      (FIT_STDFIT) = sqrt(WSSR/ndf)    : 1.96325e+22
variance of residuals (reduced chisquare) = WSSR/ndf   : 3.85434e+44

Final set of parameters            Asymptotic Standard Error
=======================            ==========================
a2              = 0.027027         +/- 0.009009     (33.33%)
b2              = 1                +/- 8.905e+20    (8.905e+22%)
c2              = 1                +/- 4.153e+22    (4.153e+24%)

correlation matrix of the fit parameters:
                a2     b2     c2     
a2              1.000 
b2             -0.000  1.000 
c2              0.000 -0.972  1.000 


*******************************************************************************
Sun Dec  7 01:00:49 2025


FIT:    data read from 'data.txt' index 0 using 1:2
        format = x:z
        #datapoints = 12
        residuals are weighted equally (unit weight)

function used for fitting: f1(x)
	f1(x) = a1*x**1 + b1*x + c1
fitted parameters initialized with current variable values

iter      chisq       delta/lim  lambda   a1            b1            c1           
   0 2.2612170198e+07   0.00e+00  4.86e+02    1.000000e+00   1.000000e+00   1.000000e+00
   6 4.3992750807e+05  -1.22e-05  4.86e-04   -2.896612e-02   9.052325e-03  -2.005092e+02

After 6 iterations the fit converged.
final sum of squares of residuals : 439928
rel. change during last iteration : -1.22e-10

degrees of freedom    (FIT_NDF)                        : 9
rms of residuals      (FIT_STDFIT) = sqrt(WSSR/ndf)    : 221.09
variance of residuals (reduced chisquare) = WSSR/ndf   : 48880.8

Final set of parameters            Asymptotic Standard Error
=======================            ==========================
a1              = -0.0289661       +/- 6.278e+10    (2.167e+14%)
b1              = 0.00905232       +/- 6.278e+10    (6.935e+14%)
c1              = -200.509         +/- 99.8         (49.78%)

correlation matrix of the fit parameters:
                a1     b1     c1     
a1              1.000 
b1             -1.000  1.000 
c1              0.247 -0.247  1.000 


*******************************************************************************
Sun Dec  7 01:00:49 2025


FIT:    data read from 'data.txt' index 1 using 1:2
        format = x:z
        #datapoints = 12
        residuals are weighted equally (unit weight)

function used for fitting: f2(x)
	f2(x) = a2*x**1 + b2*x + c2
fitted parameters initialized with current variable values

iter      chisq       delta/lim  lambda   a2            b2            c2           
   0 2.3218768508e+07   0.00e+00  4.91e+02    1.000000e+00   1.000000e+00   1.000000e+00
   6 4.5373301029e+05  -1.27e-05  4.91e-04   -1.962994e-03  -2.725200e-02  -2.006472e+02

After 6 iterations the fit converged.
final sum of squares of residuals : 453733
rel. change during last iteration : -1.26755e-10

degrees of freedom    (FIT_NDF)                        : 9
rms of residuals      (FIT_STDFIT) = sqrt(WSSR/ndf)    : 224.532
variance of residuals (reduced chisquare) = WSSR/ndf   : 50414.8

Final set of parameters            Asymptotic Standard Error
=======================            ==========================
a2              = -0.00196299      +/- 1.156e+10    (5.89e+14%)
b2              = -0.027252        +/- 1.156e+10    (4.242e+13%)
c2              = -200.647         +/- 98.23        (48.96%)

correlation matrix of the fit parameters:
                a2     b2     c2     
a2              1.000 
b2             -1.000  1.000 
c2             -0.086  0.086  1.000 


*******************************************************************************
Sun Dec  7 01:01:01 2025


FIT:    data read from 'data.txt' index 0 using 1:2
        format = x:z
        #datapoints = 12
        residuals are weighted equally (unit weight)

function used for fitting: f1(x)
	f1(x) = a1*x**8 + b1*x + c1
fitted parameters initialized with current variable values

iter      chisq       delta/lim  lambda   a1            b1            c1           
   0 4.2666661168e+48   0.00e+00  3.44e+23    1.000000e+00   1.000000e+00   1.000000e+00
   1 3.1166297420e+45  -1.37e+08  3.44e+22    2.702703e-02   1.000000e+00   1.000000e+00

The maximum lambda = 1.000000e+20 was exceeded. Fit stopped.
final sum of squares of residuals : 3.11663e+45
rel. change during last iteration : -1368

degrees of freedom    (FIT_NDF)                        : 9
rms of residuals      (FIT_STDFIT) = sqrt(WSSR/ndf)    : 1.86089e+22
variance of residuals (reduced chisquare) = WSSR/ndf   : 3.46292e+44

Final set of parameters            Asymptotic Standard Error
=======================            ==========================
a1              = 0.027027         +/- 0.009009     (33.33%)
b1              = 1                +/- 2.502e+21    (2.502e+23%)
c1              = 1                +/- 9.161e+22    (9.161e+24%)

correlation matrix of the fit parameters:
                a1     b1     c1     
a1              1.000 
b1              0.000  1.000 
c1             -0.000 -0.997  1.000 


*******************************************************************************
Sun Dec  7 01:01:01 2025


FIT:    data read from 'data.txt' index 1 using 1:2
        format = x:z
        #datapoints = 12
        residuals are weighted equally (unit weight)

function used for fitting: f2(x)
	f2(x) = a2*x**8 + b2*x + c2
fitted parameters initialized with current variable values

iter      chisq       delta/lim  lambda   a2            b2            c2           
   0 4.7489265931e+48   0.00e+00  3.63e+23    1.000000e+00   1.000000e+00   1.000000e+00
   1 3.4689018211e+45  -1.37e+08  3.63e+22    2.702703e-02   1.000000e+00   1.000000e+00

The maximum lambda = 1.000000e+20 was exceeded. Fit stopped.
final sum of squares of residuals : 3.4689e+45
rel. change during last iteration : -1368

degrees of freedom    (FIT_NDF)                        : 9
rms of residuals      (FIT_STDFIT) = sqrt(WSSR/ndf)    : 1.96325e+22
variance of residuals (reduced chisquare) = WSSR/ndf   : 3.85434e+44

Final set of parameters            Asymptotic Standard Error
=======================            ==========================
a2              = 0.027027         +/- 0.009009     (33.33%)
b2              = 1                +/- 8.905e+20    (8.905e+22%)
c2              = 1                +/- 4.153e+22    (4.153e+24%)

correlation matrix of the fit parameters:
                a2     b2     c2     
a2              1.000 
b2             -0.000  1.000 
c2              0.000 -0.972  1.000 


*******************************************************************************
Sun Dec  7 01:01:14 2025


FIT:    data read from 'data.txt' index 0 using 1:2
        format = x:z
        #datapoints = 12
        residuals are weighted equally (unit weight)

function used for fitting: f1(x)
	f1(x) = a1*x**6 + b1*x + c1
fitted parameters initialized with current variable values

iter      chisq       delta/lim  lambda   a1            b1            c1           
   0 3.8870169193e+36   0.00e+00  3.29e+17    1.000000e+00   1.000000e+00   1.000000e+00
   5 3.7060955923e+06  -3.52e-02  3.29e+12   -9.940539e-16   1.000000e+00   1.000000e+00

After 5 iterations the fit converged.
final sum of squares of residuals : 3.7061e+06
rel. change during last iteration : -3.51749e-07

degrees of freedom    (FIT_NDF)                        : 9
rms of residuals      (FIT_STDFIT) = sqrt(WSSR/ndf)    : 641.707
variance of residuals (reduced chisquare) = WSSR/ndf   : 411788

Final set of parameters            Asymptotic Standard Error
=======================            ==========================
a1              = -9.94054e-16     +/- 7.727e-16    (77.73%)
b1              = 1                +/- 0.9553       (95.53%)
c1              = 1                +/- 314.3        (3.143e+04%)

correlation matrix of the fit parameters:
                a1     b1     c1     
a1              1.000 
b1             -0.869  1.000 
c1              0.450 -0.723  1.000 


*******************************************************************************
Sun Dec  7 01:01:14 2025


FIT:    data read from 'data.txt' index 1 using 1:2
        format = x:z
        #datapoints = 12
        residuals are weighted equally (unit weight)

function used for fitting: f2(x)
	f2(x) = a2*x**6 + b2*x + c2
fitted parameters initialized with current variable values

iter      chisq       delta/lim  lambda   a2            b2            c2           
   0 4.2403452583e+36   0.00e+00  3.43e+17    1.000000e+00   1.000000e+00   1.000000e+00
   5 3.7290162518e+06  -3.81e-02  3.43e+12   -9.771709e-16   1.000000e+00   1.000000e+00

After 5 iterations the fit converged.
final sum of squares of residuals : 3.72902e+06
rel. change during last iteration : -3.81365e-07

degrees of freedom    (FIT_NDF)                        : 9
rms of residuals      (FIT_STDFIT) = sqrt(WSSR/ndf)    : 643.689
variance of residuals (reduced chisquare) = WSSR/ndf   : 414335

Final set of parameters            Asymptotic Standard Error
=======================            ==========================
a2              = -9.77171e-16     +/- 7.548e-16    (77.25%)
b2              = 1                +/- 0.9574       (95.74%)
c2              = 1                +/- 313.4        (3.134e+04%)

correlation matrix of the fit parameters:
                a2     b2     c2     
a2              1.000 
b2             -0.873  1.000 
c2              0.446 -0.716  1.000 


*******************************************************************************
Sun Dec  7 01:01:27 2025


FIT:    data read from 'data.txt' index 0 using 1:2
        format = x:z
        #datapoints = 12
        residuals are weighted equally (unit weight)

function used for fitting: f1(x)
	f1(x) = a1*x**2 + b1*x + c1
fitted parameters initialized with current variable values

iter      chisq       delta/lim  lambda   a1            b1            c1           
   0 3.6740557500e+12   0.00e+00  3.19e+05    1.000000e+00   1.000000e+00   1.000000e+00
   9 1.7888666519e+04  -6.43e-07  3.19e-04    1.941020e-03  -2.064317e+00   2.637486e+01

After 9 iterations the fit converged.
final sum of squares of residuals : 17888.7
rel. change during last iteration : -6.4313e-12

degrees of freedom    (FIT_NDF)                        : 9
rms of residuals      (FIT_STDFIT) = sqrt(WSSR/ndf)    : 44.5828
variance of residuals (reduced chisquare) = WSSR/ndf   : 1987.63

Final set of parameters            Asymptotic Standard Error
=======================            ==========================
a1              = 0.00194102       +/- 0.0001332    (6.863%)
b1              = -2.06432         +/- 0.1441       (6.98%)
c1              = 26.3749          +/- 24.95        (94.61%)

correlation matrix of the fit parameters:
                a1     b1     c1     
a1              1.000 
b1             -0.974  1.000 
c1              0.624 -0.741  1.000 


*******************************************************************************
Sun Dec  7 01:01:27 2025


FIT:    data read from 'data.txt' index 1 using 1:2
        format = x:z
        #datapoints = 12
        residuals are weighted equally (unit weight)

function used for fitting: f2(x)
	f2(x) = a2*x**2 + b2*x + c2
fitted parameters initialized with current variable values

iter      chisq       delta/lim  lambda   a2            b2            c2           
   0 3.8235468277e+12   0.00e+00  3.25e+05    1.000000e+00   1.000000e+00   1.000000e+00
   9 2.2683116112e+04  -5.36e-07  3.25e-04    1.953196e-03  -2.098367e+00   2.550796e+01

After 9 iterations the fit converged.
final sum of squares of residuals : 22683.1
rel. change during last iteration : -5.36336e-12

degrees of freedom    (FIT_NDF)                        : 9
rms of residuals      (FIT_STDFIT) = sqrt(WSSR/ndf)    : 50.2031
variance of residuals (reduced chisquare) = WSSR/ndf   : 2520.35

Final set of parameters            Asymptotic Standard Error
=======================            ==========================
a2              = 0.0019532        +/- 0.0001494    (7.647%)
b2              = -2.09837         +/- 0.1624       (7.737%)
c2              = 25.508           +/- 27.89        (109.3%)

correlation matrix of the fit parameters:
                a2     b2     c2     
a2              1.000 
b2             -0.975  1.000 
c2              0.620 -0.736  1.000 


*******************************************************************************
Sun Dec  7 01:01:46 2025


FIT:    data read from 'data.txt' index 0 using 1:2
        format = x:z
        #datapoints = 12
        residuals are weighted equally (unit weight)

function used for fitting: f1(x)
	f1(x) = a1*x**3 + b1*x + c1
fitted parameters initialized with current variable values

iter      chisq       delta/lim  lambda   a1            b1            c1           
   0 3.5678910172e+18   0.00e+00  3.15e+08    1.000000e+00   1.000000e+00   1.000000e+00
   4 2.6718297249e+06  -9.58e-01  3.15e+04   -1.168920e-06   9.999875e-01   1.000000e+00

After 4 iterations the fit converged.
final sum of squares of residuals : 2.67183e+06
rel. change during last iteration : -9.57683e-06

degrees of freedom    (FIT_NDF)                        : 9
rms of residuals      (FIT_STDFIT) = sqrt(WSSR/ndf)    : 544.858
variance of residuals (reduced chisquare) = WSSR/ndf   : 296870

Final set of parameters            Asymptotic Standard Error
=======================            ==========================
a1              = -1.16892e-06     +/- 1.019e-06    (87.18%)
b1              = 0.999987         +/- 1.145        (114.5%)
c1              = 1                +/- 283.2        (2.832e+04%)

correlation matrix of the fit parameters:
                a1     b1     c1     
a1              1.000 
b1             -0.937  1.000 
c1              0.540 -0.727  1.000 


*******************************************************************************
Sun Dec  7 01:01:46 2025


FIT:    data read from 'data.txt' index 1 using 1:2
        format = x:z
        #datapoints = 12
        residuals are weighted equally (unit weight)

function used for fitting: f2(x)
	f2(x) = a2*x**3 + b2*x + c2
fitted parameters initialized with current variable values

iter      chisq       delta/lim  lambda   a2            b2            c2           
   0 3.7638565620e+18   0.00e+00  3.23e+08    1.000000e+00   1.000000e+00   1.000000e+00
   4 2.6882420938e+06  -8.88e-01  3.23e+04   -1.162855e-06   9.999882e-01   1.000000e+00

After 4 iterations the fit converged.
final sum of squares of residuals : 2.68824e+06
rel. change during last iteration : -8.88197e-06

degrees of freedom    (FIT_NDF)                        : 9
rms of residuals      (FIT_STDFIT) = sqrt(WSSR/ndf)    : 546.529
variance of residuals (reduced chisquare) = WSSR/ndf   : 298694

Final set of parameters            Asymptotic Standard Error
=======================            ==========================
a2              = -1.16285e-06     +/- 1.013e-06    (87.07%)
b2              = 0.999988         +/- 1.15         (115%)
c2              = 1                +/- 282.2        (2.822e+04%)

correlation matrix of the fit parameters:
                a2     b2     c2     
a2              1.000 
b2             -0.939  1.000 
c2              0.536 -0.721  1.000 


*******************************************************************************
Sun Dec  7 01:01:53 2025


FIT:    data read from 'data.txt' index 0 using 1:2
        format = x:z
        #datapoints = 12
        residuals are weighted equally (unit weight)

function used for fitting: f1(x)
	f1(x) = a1*x**2 + b1*x + c1
fitted parameters initialized with current variable values

iter      chisq       delta/lim  lambda   a1            b1            c1           
   0 3.6740557500e+12   0.00e+00  3.19e+05    1.000000e+00   1.000000e+00   1.000000e+00
   9 1.7888666519e+04  -6.43e-07  3.19e-04    1.941020e-03  -2.064317e+00   2.637486e+01

After 9 iterations the fit converged.
final sum of squares of residuals : 17888.7
rel. change during last iteration : -6.4313e-12

degrees of freedom    (FIT_NDF)                        : 9
rms of residuals      (FIT_STDFIT) = sqrt(WSSR/ndf)    : 44.5828
variance of residuals (reduced chisquare) = WSSR/ndf   : 1987.63

Final set of parameters            Asymptotic Standard Error
=======================            ==========================
a1              = 0.00194102       +/- 0.0001332    (6.863%)
b1              = -2.06432         +/- 0.1441       (6.98%)
c1              = 26.3749          +/- 24.95        (94.61%)

correlation matrix of the fit parameters:
                a1     b1     c1     
a1              1.000 
b1             -0.974  1.000 
c1              0.624 -0.741  1.000 


*******************************************************************************
Sun Dec  7 01:01:53 2025


FIT:    data read from 'data.txt' index 1 using 1:2
        format = x:z
        #datapoints = 12
        residuals are weighted equally (unit weight)

function used for fitting: f2(x)
	f2(x) = a2*x**2 + b2*x + c2
fitted parameters initialized with current variable values

iter      chisq       delta/lim  lambda   a2            b2            c2           
   0 3.8235468277e+12   0.00e+00  3.25e+05    1.000000e+00   1.000000e+00   1.000000e+00
   9 2.2683116112e+04  -5.36e-07  3.25e-04    1.953196e-03  -2.098367e+00   2.550796e+01

After 9 iterations the fit converged.
final sum of squares of residuals : 22683.1
rel. change during last iteration : -5.36336e-12

degrees of freedom    (FIT_NDF)                        : 9
rms of residuals      (FIT_STDFIT) = sqrt(WSSR/ndf)    : 50.2031
variance of residuals (reduced chisquare) = WSSR/ndf   : 2520.35

Final set of parameters            Asymptotic Standard Error
=======================            ==========================
a2              = 0.0019532        +/- 0.0001494    (7.647%)
b2              = -2.09837         +/- 0.1624       (7.737%)
c2              = 25.508           +/- 27.89        (109.3%)

correlation matrix of the fit parameters:
                a2     b2     c2     
a2              1.000 
b2             -0.975  1.000 
c2              0.620 -0.736  1.000 


*******************************************************************************
Sun Dec  7 01:02:01 2025


FIT:    data read from 'data.txt' index 0 using 1:2
        format = x:z
        #datapoints = 12
        residuals are weighted equally (unit weight)

function used for fitting: f1(x)
	f1(x) = a1*x**1 + b1*x + c1
fitted parameters initialized with current variable values

iter      chisq       delta/lim  lambda   a1            b1            c1           
   0 2.2612170198e+07   0.00e+00  4.86e+02    1.000000e+00   1.000000e+00   1.000000e+00
   6 4.3992750807e+05  -1.22e-05  4.86e-04   -2.896612e-02   9.052325e-03  -2.005092e+02

After 6 iterations the fit converged.
final sum of squares of residuals : 439928
rel. change during last iteration : -1.22e-10

degrees of freedom    (FIT_NDF)                        : 9
rms of residuals      (FIT_STDFIT) = sqrt(WSSR/ndf)    : 221.09
variance of residuals (reduced chisquare) = WSSR/ndf   : 48880.8

Final set of parameters            Asymptotic Standard Error
=======================            ==========================
a1              = -0.0289661       +/- 6.278e+10    (2.167e+14%)
b1              = 0.00905232       +/- 6.278e+10    (6.935e+14%)
c1              = -200.509         +/- 99.8         (49.78%)

correlation matrix of the fit parameters:
                a1     b1     c1     
a1              1.000 
b1             -1.000  1.000 
c1              0.247 -0.247  1.000 


*******************************************************************************
Sun Dec  7 01:02:01 2025


FIT:    data read from 'data.txt' index 1 using 1:2
        format = x:z
        #datapoints = 12
        residuals are weighted equally (unit weight)

function used for fitting: f2(x)
	f2(x) = a2*x**1 + b2*x + c2
fitted parameters initialized with current variable values

iter      chisq       delta/lim  lambda   a2            b2            c2           
   0 2.3218768508e+07   0.00e+00  4.91e+02    1.000000e+00   1.000000e+00   1.000000e+00
   6 4.5373301029e+05  -1.27e-05  4.91e-04   -1.962994e-03  -2.725200e-02  -2.006472e+02

After 6 iterations the fit converged.
final sum of squares of residuals : 453733
rel. change during last iteration : -1.26755e-10

degrees of freedom    (FIT_NDF)                        : 9
rms of residuals      (FIT_STDFIT) = sqrt(WSSR/ndf)    : 224.532
variance of residuals (reduced chisquare) = WSSR/ndf   : 50414.8

Final set of parameters            Asymptotic Standard Error
=======================            ==========================
a2              = -0.00196299      +/- 1.156e+10    (5.89e+14%)
b2              = -0.027252        +/- 1.156e+10    (4.242e+13%)
c2              = -200.647         +/- 98.23        (48.96%)

correlation matrix of the fit parameters:
                a2     b2     c2     
a2              1.000 
b2             -1.000  1.000 
c2             -0.086  0.086  1.000 


*******************************************************************************
Sun Dec  7 01:02:12 2025


FIT:    data read from 'data.txt' index 0 using 1:2
        format = x:z
        #datapoints = 12
        residuals are weighted equally (unit weight)

function used for fitting: f1(x)
	f1(x) = a1*x**1.5 + b1*x + c1
fitted parameters initialized with current variable values

iter      chisq       delta/lim  lambda   a1            b1            c1           
   0 4.1614616633e+09   0.00e+00  1.03e+04    1.000000e+00   1.000000e+00   1.000000e+00
   7 1.4400394092e+04  -1.34e-01  1.03e-03    1.096100e-01  -3.640021e+00   7.763422e+01

After 7 iterations the fit converged.
final sum of squares of residuals : 14400.4
rel. change during last iteration : -1.33561e-06

degrees of freedom    (FIT_NDF)                        : 9
rms of residuals      (FIT_STDFIT) = sqrt(WSSR/ndf)    : 40.0005
variance of residuals (reduced chisquare) = WSSR/ndf   : 1600.04

Final set of parameters            Asymptotic Standard Error
=======================            ==========================
a1              = 0.10961          +/- 0.006721     (6.132%)
b1              = -3.64002         +/- 0.2239       (6.152%)
c1              = 77.6342          +/- 24.43        (31.47%)

correlation matrix of the fit parameters:
                a1     b1     c1     
a1              1.000 
b1             -0.991  1.000 
c1              0.698 -0.763  1.000 


*******************************************************************************
Sun Dec  7 01:02:12 2025


FIT:    data read from 'data.txt' index 1 using 1:2
        format = x:z
        #datapoints = 12
        residuals are weighted equally (unit weight)

function used for fitting: f2(x)
	f2(x) = a2*x**1.5 + b2*x + c2
fitted parameters initialized with current variable values

iter      chisq       delta/lim  lambda   a2            b2            c2           
   0 4.2951516043e+09   0.00e+00  1.05e+04    1.000000e+00   1.000000e+00   1.000000e+00
   7 1.8557555383e+04  -1.10e-01  1.05e-03    1.105921e-01  -3.691634e+00   7.707217e+01

After 7 iterations the fit converged.
final sum of squares of residuals : 18557.6
rel. change during last iteration : -1.09535e-06

degrees of freedom    (FIT_NDF)                        : 9
rms of residuals      (FIT_STDFIT) = sqrt(WSSR/ndf)    : 45.4087
variance of residuals (reduced chisquare) = WSSR/ndf   : 2061.95

Final set of parameters            Asymptotic Standard Error
=======================            ==========================
a2              = 0.110592         +/- 0.007613     (6.883%)
b2              = -3.69163         +/- 0.2542       (6.887%)
c2              = 77.0722          +/- 27.52        (35.7%)

correlation matrix of the fit parameters:
                a2     b2     c2     
a2              1.000 
b2             -0.992  1.000 
c2              0.695 -0.759  1.000 


*******************************************************************************
Sun Dec  7 01:02:38 2025


FIT:    data read from 'data.txt' index 0 using 1:2
        format = x:z
        #datapoints = 12
        residuals are weighted equally (unit weight)

function used for fitting: f1(x)
	f1(x) = a1*x**1.8 + b1*x + c1
fitted parameters initialized with current variable values

iter      chisq       delta/lim  lambda   a1            b1            c1           
   0 2.3709440428e+11   0.00e+00  8.08e+04    1.000000e+00   1.000000e+00   1.000000e+00
   8 1.6044221221e+04  -4.44e-03  8.08e-04    9.229034e-03  -2.457550e+00   4.300775e+01

After 8 iterations the fit converged.
final sum of squares of residuals : 16044.2
rel. change during last iteration : -4.44381e-08

degrees of freedom    (FIT_NDF)                        : 9
rms of residuals      (FIT_STDFIT) = sqrt(WSSR/ndf)    : 42.2219
variance of residuals (reduced chisquare) = WSSR/ndf   : 1782.69

Final set of parameters            Asymptotic Standard Error
=======================            ==========================
a1              = 0.00922903       +/- 0.0005985    (6.485%)
b1              = -2.45755         +/- 0.1611       (6.555%)
c1              = 43.0077          +/- 24.3         (56.5%)

correlation matrix of the fit parameters:
                a1     b1     c1     
a1              1.000 
b1             -0.981  1.000 
c1              0.650 -0.748  1.000 


*******************************************************************************
Sun Dec  7 01:02:38 2025


FIT:    data read from 'data.txt' index 1 using 1:2
        format = x:z
        #datapoints = 12
        residuals are weighted equally (unit weight)

function used for fitting: f2(x)
	f2(x) = a2*x**1.8 + b2*x + c2
fitted parameters initialized with current variable values

iter      chisq       delta/lim  lambda   a2            b2            c2           
   0 2.4596382927e+11   0.00e+00  8.22e+04    1.000000e+00   1.000000e+00   1.000000e+00
   8 2.0606272524e+04  -3.66e-03  8.22e-04    9.297111e-03  -2.495969e+00   4.222145e+01

After 8 iterations the fit converged.
final sum of squares of residuals : 20606.3
rel. change during last iteration : -3.66388e-08

degrees of freedom    (FIT_NDF)                        : 9
rms of residuals      (FIT_STDFIT) = sqrt(WSSR/ndf)    : 47.8496
variance of residuals (reduced chisquare) = WSSR/ndf   : 2289.59

Final set of parameters            Asymptotic Standard Error
=======================            ==========================
a2              = 0.00929711       +/- 0.000676     (7.271%)
b2              = -2.49597         +/- 0.1827       (7.319%)
c2              = 42.2214          +/- 27.33        (64.72%)

correlation matrix of the fit parameters:
                a2     b2     c2     
a2              1.000 
b2             -0.982  1.000 
c2              0.646 -0.743  1.000 


*******************************************************************************
Sun Dec  7 01:02:51 2025


FIT:    data read from 'data.txt' index 0 using 1:2
        format = x:z
        #datapoints = 12
        residuals are weighted equally (unit weight)

function used for fitting: f1(x)
	f1(x) = a1*x**1.2 + b1*x + c1
fitted parameters initialized with current variable values

iter      chisq       delta/lim  lambda   a1            b1            c1           
   0 1.1283854605e+08   0.00e+00  1.38e+03    1.000000e+00   1.000000e+00   1.000000e+00
   7 1.4758817026e+04  -3.13e-08  1.38e-04    2.048638e+00  -8.385627e+00   1.325324e+02

After 7 iterations the fit converged.
final sum of squares of residuals : 14758.8
rel. change during last iteration : -3.12679e-13

degrees of freedom    (FIT_NDF)                        : 9
rms of residuals      (FIT_STDFIT) = sqrt(WSSR/ndf)    : 40.4953
variance of residuals (reduced chisquare) = WSSR/ndf   : 1639.87

Final set of parameters            Asymptotic Standard Error
=======================            ==========================
a1              = 2.04864          +/- 0.1272       (6.21%)
b1              = -8.38563         +/- 0.5204       (6.206%)
c1              = 132.532          +/- 27.23        (20.55%)

correlation matrix of the fit parameters:
                a1     b1     c1     
a1              1.000 
b1             -0.998  1.000 
c1              0.760 -0.786  1.000 


*******************************************************************************
Sun Dec  7 01:02:51 2025


FIT:    data read from 'data.txt' index 1 using 1:2
        format = x:z
        #datapoints = 12
        residuals are weighted equally (unit weight)

function used for fitting: f2(x)
	f2(x) = a2*x**1.2 + b2*x + c2
fitted parameters initialized with current variable values

iter      chisq       delta/lim  lambda   a2            b2            c2           
   0 1.1593300530e+08   0.00e+00  1.40e+03    1.000000e+00   1.000000e+00   1.000000e+00
   7 1.8456726675e+04  -2.54e-08  1.40e-04    2.069935e+00  -8.490400e+00   1.324294e+02

After 7 iterations the fit converged.
final sum of squares of residuals : 18456.7
rel. change during last iteration : -2.53679e-13

degrees of freedom    (FIT_NDF)                        : 9
rms of residuals      (FIT_STDFIT) = sqrt(WSSR/ndf)    : 45.2852
variance of residuals (reduced chisquare) = WSSR/ndf   : 2050.75

Final set of parameters            Asymptotic Standard Error
=======================            ==========================
a2              = 2.06994          +/- 0.1421       (6.864%)
b2              = -8.4904          +/- 0.5817       (6.851%)
c2              = 132.429          +/- 30.2         (22.81%)

correlation matrix of the fit parameters:
                a2     b2     c2     
a2              1.000 
b2             -0.998  1.000 
c2              0.757 -0.783  1.000 


*******************************************************************************
Sun Dec  7 01:03:04 2025


FIT:    data read from 'data.txt' index 0 using 1:2
        format = x:z
        #datapoints = 12
        residuals are weighted equally (unit weight)

function used for fitting: f1(x)
	f1(x) = a1*x**1.1 + b1*x + c1
fitted parameters initialized with current variable values

iter      chisq       delta/lim  lambda   a1            b1            c1           
   0 4.5107780025e+07   0.00e+00  7.58e+02    1.000000e+00   1.000000e+00   1.000000e+00
   6 1.5469072587e+04  -1.21e-01  7.58e-04    8.043918e+00  -1.630616e+01   1.584387e+02

After 6 iterations the fit converged.
final sum of squares of residuals : 15469.1
rel. change during last iteration : -1.20548e-06

degrees of freedom    (FIT_NDF)                        : 9
rms of residuals      (FIT_STDFIT) = sqrt(WSSR/ndf)    : 41.4582
variance of residuals (reduced chisquare) = WSSR/ndf   : 1718.79

Final set of parameters            Asymptotic Standard Error
=======================            ==========================
a1              = 8.04392          +/- 0.5119       (6.363%)
b1              = -16.3062         +/- 1.037        (6.358%)
c1              = 158.439          +/- 29.16        (18.41%)

correlation matrix of the fit parameters:
                a1     b1     c1     
a1              1.000 
b1             -1.000  1.000 
c1              0.783 -0.797  1.000 


*******************************************************************************
Sun Dec  7 01:03:04 2025


FIT:    data read from 'data.txt' index 1 using 1:2
        format = x:z
        #datapoints = 12
        residuals are weighted equally (unit weight)

function used for fitting: f2(x)
	f2(x) = a2*x**1.1 + b2*x + c2
fitted parameters initialized with current variable values

iter      chisq       delta/lim  lambda   a2            b2            c2           
   0 4.6314508005e+07   0.00e+00  7.67e+02    1.000000e+00   1.000000e+00   1.000000e+00
   6 1.9007372378e+04  -1.02e-01  7.67e-04    8.130987e+00  -1.649977e+01   1.585803e+02

After 6 iterations the fit converged.
final sum of squares of residuals : 19007.4
rel. change during last iteration : -1.02347e-06

degrees of freedom    (FIT_NDF)                        : 9
rms of residuals      (FIT_STDFIT) = sqrt(WSSR/ndf)    : 45.9557
variance of residuals (reduced chisquare) = WSSR/ndf   : 2111.93

Final set of parameters            Asymptotic Standard Error
=======================            ==========================
a2              = 8.13099          +/- 0.5667       (6.97%)
b2              = -16.4998         +/- 1.148        (6.961%)
c2              = 158.58           +/- 32.06        (20.22%)

correlation matrix of the fit parameters:
                a2     b2     c2     
a2              1.000 
b2             -1.000  1.000 
c2              0.781 -0.794  1.000 


*******************************************************************************
Sun Dec  7 01:03:21 2025


FIT:    data read from 'data.txt' index 0 using 1:2
        format = x:z
        #datapoints = 12
        residuals are weighted equally (unit weight)

function used for fitting: f1(x)
	f1(x) = a1*x**1.9 + b1*x + c1
fitted parameters initialized with current variable values

iter      chisq       delta/lim  lambda   a1            b1            c1           
   0 9.3161905234e+11   0.00e+00  1.60e+05    1.000000e+00   1.000000e+00   1.000000e+00
   8 1.6907172074e+04  -2.74e-01  1.60e-03    4.206515e-03  -2.239016e+00   3.419530e+01

After 8 iterations the fit converged.
final sum of squares of residuals : 16907.2
rel. change during last iteration : -2.73934e-06

degrees of freedom    (FIT_NDF)                        : 9
rms of residuals      (FIT_STDFIT) = sqrt(WSSR/ndf)    : 43.3425
variance of residuals (reduced chisquare) = WSSR/ndf   : 1878.57

Final set of parameters            Asymptotic Standard Error
=======================            ==========================
a1              = 0.00420651       +/- 0.0002803    (6.664%)
b1              = -2.23902         +/- 0.1513       (6.756%)
c1              = 34.1953          +/- 24.58        (71.87%)

correlation matrix of the fit parameters:
                a1     b1     c1     
a1              1.000 
b1             -0.978  1.000 
c1              0.636 -0.744  1.000 


*******************************************************************************
Sun Dec  7 01:03:21 2025


FIT:    data read from 'data.txt' index 1 using 1:2
        format = x:z
        #datapoints = 12
        residuals are weighted equally (unit weight)

function used for fitting: f2(x)
	f2(x) = a2*x**1.9 + b2*x + c2
fitted parameters initialized with current variable values

iter      chisq       delta/lim  lambda   a2            b2            c2           
   0 9.6802097375e+11   0.00e+00  1.64e+05    1.000000e+00   1.000000e+00   1.000000e+00
   8 2.1589275926e+04  -2.22e-01  1.64e-03    4.235238e-03  -2.275006e+00   3.336372e+01

After 8 iterations the fit converged.
final sum of squares of residuals : 21589.3
rel. change during last iteration : -2.2244e-06

degrees of freedom    (FIT_NDF)                        : 9
rms of residuals      (FIT_STDFIT) = sqrt(WSSR/ndf)    : 48.9776
variance of residuals (reduced chisquare) = WSSR/ndf   : 2398.81

Final set of parameters            Asymptotic Standard Error
=======================            ==========================
a2              = 0.00423524       +/- 0.0003155    (7.45%)
b2              = -2.27501         +/- 0.171        (7.519%)
c2              = 33.3637          +/- 27.56        (82.61%)

correlation matrix of the fit parameters:
                a2     b2     c2     
a2              1.000 
b2             -0.978  1.000 
c2              0.633 -0.739  1.000 


*******************************************************************************
Sun Dec  7 01:04:01 2025


FIT:    data read from 'data.txt' index 0 using 1:2
        format = x:z
        #datapoints = 12
        residuals are weighted equally (unit weight)

function used for fitting: f1(x)
	f1(x) = a1*x**0.9 + b1*x + c1
fitted parameters initialized with current variable values

iter      chisq       delta/lim  lambda   a1            b1            c1           
   0 1.4205931843e+07   0.00e+00  3.85e+02    1.000000e+00   1.000000e+00   1.000000e+00
   6 1.7969366835e+04  -2.46e-03  3.85e-04   -3.138483e+01   1.540013e+01   2.296846e+02

After 6 iterations the fit converged.
final sum of squares of residuals : 17969.4
rel. change during last iteration : -2.46019e-08

degrees of freedom    (FIT_NDF)                        : 9
rms of residuals      (FIT_STDFIT) = sqrt(WSSR/ndf)    : 44.6833
variance of residuals (reduced chisquare) = WSSR/ndf   : 1996.6

Final set of parameters            Asymptotic Standard Error
=======================            ==========================
a1              = -31.3848         +/- 2.159        (6.879%)
b1              = 15.4001          +/- 1.061        (6.891%)
c1              = 229.685          +/- 35.46        (15.44%)

correlation matrix of the fit parameters:
                a1     b1     c1     
a1              1.000 
b1             -1.000  1.000 
c1             -0.834  0.821  1.000 


*******************************************************************************
Sun Dec  7 01:04:01 2025


FIT:    data read from 'data.txt' index 1 using 1:2
        format = x:z
        #datapoints = 12
        residuals are weighted equally (unit weight)

function used for fitting: f2(x)
	f2(x) = a2*x**0.9 + b2*x + c2
fitted parameters initialized with current variable values

iter      chisq       delta/lim  lambda   a2            b2            c2           
   0 1.4596125645e+07   0.00e+00  3.89e+02    1.000000e+00   1.000000e+00   1.000000e+00
   6 2.1190235697e+04  -2.18e-03  3.89e-04   -3.174813e+01   1.556231e+01   2.305536e+02

After 6 iterations the fit converged.
final sum of squares of residuals : 21190.2
rel. change during last iteration : -2.17673e-08

degrees of freedom    (FIT_NDF)                        : 9
rms of residuals      (FIT_STDFIT) = sqrt(WSSR/ndf)    : 48.5229
variance of residuals (reduced chisquare) = WSSR/ndf   : 2354.47

Final set of parameters            Asymptotic Standard Error
=======================            ==========================
a2              = -31.7481         +/- 2.342        (7.378%)
b2              = 15.5623          +/- 1.151        (7.395%)
c2              = 230.554          +/- 38.2         (16.57%)

correlation matrix of the fit parameters:
                a2     b2     c2     
a2              1.000 
b2             -1.000  1.000 
c2             -0.833  0.820  1.000 


*******************************************************************************
Sun Dec  7 01:04:22 2025


FIT:    data read from 'data.txt' index 0 using 1:2
        format = x:z
        #datapoints = 12
        residuals are weighted equally (unit weight)

function used for fitting: f1(x)
	f1(x) = a1*x**0.2 + b1*x + c1
fitted parameters initialized with current variable values

iter      chisq       delta/lim  lambda   a1            b1            c1           
   0 7.6036465006e+06   0.00e+00  3.43e+02    1.000000e+00   1.000000e+00   1.000000e+00
   7 4.0339205819e+04  -8.31e-07  3.43e-05   -8.609244e+02   1.581573e+00   1.734047e+03

After 7 iterations the fit converged.
final sum of squares of residuals : 40339.2
rel. change during last iteration : -8.31232e-12

degrees of freedom    (FIT_NDF)                        : 9
rms of residuals      (FIT_STDFIT) = sqrt(WSSR/ndf)    : 66.9487
variance of residuals (reduced chisquare) = WSSR/ndf   : 4482.13

Final set of parameters            Asymptotic Standard Error
=======================            ==========================
a1              = -860.924         +/- 91.18        (10.59%)
b1              = 1.58157          +/- 0.1766       (11.17%)
c1              = 1734.05          +/- 207          (11.94%)

correlation matrix of the fit parameters:
                a1     b1     c1     
a1              1.000 
b1             -0.960  1.000 
c1             -0.990  0.921  1.000 


*******************************************************************************
Sun Dec  7 01:04:22 2025


FIT:    data read from 'data.txt' index 1 using 1:2
        format = x:z
        #datapoints = 12
        residuals are weighted equally (unit weight)

function used for fitting: f2(x)
	f2(x) = a2*x**0.2 + b2*x + c2
fitted parameters initialized with current variable values

iter      chisq       delta/lim  lambda   a2            b2            c2           
   0 7.8354202967e+06   0.00e+00  3.47e+02    1.000000e+00   1.000000e+00   1.000000e+00
   7 4.2739221318e+04  -8.63e-07  3.47e-05   -8.716656e+02   1.588993e+00   1.752740e+03

After 7 iterations the fit converged.
final sum of squares of residuals : 42739.2
rel. change during last iteration : -8.62593e-12

degrees of freedom    (FIT_NDF)                        : 9
rms of residuals      (FIT_STDFIT) = sqrt(WSSR/ndf)    : 68.9116
variance of residuals (reduced chisquare) = WSSR/ndf   : 4748.8

Final set of parameters            Asymptotic Standard Error
=======================            ==========================
a2              = -871.666         +/- 93.7         (10.75%)
b2              = 1.58899          +/- 0.181        (11.39%)
c2              = 1752.74          +/- 212.1        (12.1%)

correlation matrix of the fit parameters:
                a2     b2     c2     
a2              1.000 
b2             -0.961  1.000 
c2             -0.990  0.922  1.000 


*******************************************************************************
Sun Dec  7 01:04:42 2025


FIT:    data read from 'data.txt' index 0 using 1:2
        format = x:z
        #datapoints = 12
        residuals are weighted equally (unit weight)

function used for fitting: f1(x)
	f1(x) = a1*x**0.5 + b1*x + c1
fitted parameters initialized with current variable values

iter      chisq       delta/lim  lambda   a1            b1            c1           
   0 7.9486827914e+06   0.00e+00  3.44e+02    1.000000e+00   1.000000e+00   1.000000e+00
   6 2.8024849316e+04  -6.16e-02  3.44e-04   -1.079484e+02   2.745711e+00   5.622208e+02

After 6 iterations the fit converged.
final sum of squares of residuals : 28024.8
rel. change during last iteration : -6.16442e-07

degrees of freedom    (FIT_NDF)                        : 9
rms of residuals      (FIT_STDFIT) = sqrt(WSSR/ndf)    : 55.8021
variance of residuals (reduced chisquare) = WSSR/ndf   : 3113.87

Final set of parameters            Asymptotic Standard Error
=======================            ==========================
a1              = -107.948         +/- 9.386        (8.695%)
b1              = 2.74571          +/- 0.2439       (8.884%)
c1              = 562.221          +/- 70.67        (12.57%)

correlation matrix of the fit parameters:
                a1     b1     c1     
a1              1.000 
b1             -0.986  1.000 
c1             -0.938  0.881  1.000 


*******************************************************************************
Sun Dec  7 01:04:42 2025


FIT:    data read from 'data.txt' index 1 using 1:2
        format = x:z
        #datapoints = 12
        residuals are weighted equally (unit weight)

function used for fitting: f2(x)
	f2(x) = a2*x**0.5 + b2*x + c2
fitted parameters initialized with current variable values

iter      chisq       delta/lim  lambda   a2            b2            c2           
   0 8.1872263263e+06   0.00e+00  3.47e+02    1.000000e+00   1.000000e+00   1.000000e+00
   6 3.0690107562e+04  -5.98e-02  3.47e-04   -1.092966e+02   2.766053e+00   5.668754e+02

After 6 iterations the fit converged.
final sum of squares of residuals : 30690.1
rel. change during last iteration : -5.97875e-07

degrees of freedom    (FIT_NDF)                        : 9
rms of residuals      (FIT_STDFIT) = sqrt(WSSR/ndf)    : 58.3953
variance of residuals (reduced chisquare) = WSSR/ndf   : 3410.01

Final set of parameters            Asymptotic Standard Error
=======================            ==========================
a2              = -109.297         +/- 9.813        (8.978%)
b2              = 2.76605          +/- 0.2545       (9.201%)
c2              = 566.875          +/- 73.46        (12.96%)

correlation matrix of the fit parameters:
                a2     b2     c2     
a2              1.000 
b2             -0.986  1.000 
c2             -0.938  0.882  1.000 


*******************************************************************************
Sun Dec  7 01:04:59 2025


FIT:    data read from 'data.txt' index 0 using 1:2
        format = x:z
        #datapoints = 12
        residuals are weighted equally (unit weight)

function used for fitting: f1(x)
	f1(x) = a1*x**0.9 + b1*x + c1
fitted parameters initialized with current variable values

iter      chisq       delta/lim  lambda   a1            b1            c1           
   0 1.4205931843e+07   0.00e+00  3.85e+02    1.000000e+00   1.000000e+00   1.000000e+00
   6 1.7969366835e+04  -2.46e-03  3.85e-04   -3.138483e+01   1.540013e+01   2.296846e+02

After 6 iterations the fit converged.
final sum of squares of residuals : 17969.4
rel. change during last iteration : -2.46019e-08

degrees of freedom    (FIT_NDF)                        : 9
rms of residuals      (FIT_STDFIT) = sqrt(WSSR/ndf)    : 44.6833
variance of residuals (reduced chisquare) = WSSR/ndf   : 1996.6

Final set of parameters            Asymptotic Standard Error
=======================            ==========================
a1              = -31.3848         +/- 2.159        (6.879%)
b1              = 15.4001          +/- 1.061        (6.891%)
c1              = 229.685          +/- 35.46        (15.44%)

correlation matrix of the fit parameters:
                a1     b1     c1     
a1              1.000 
b1             -1.000  1.000 
c1             -0.834  0.821  1.000 


*******************************************************************************
Sun Dec  7 01:04:59 2025


FIT:    data read from 'data.txt' index 1 using 1:2
        format = x:z
        #datapoints = 12
        residuals are weighted equally (unit weight)

function used for fitting: f2(x)
	f2(x) = a2*x**0.9 + b2*x + c2
fitted parameters initialized with current variable values

iter      chisq       delta/lim  lambda   a2            b2            c2           
   0 1.4596125645e+07   0.00e+00  3.89e+02    1.000000e+00   1.000000e+00   1.000000e+00
   6 2.1190235697e+04  -2.18e-03  3.89e-04   -3.174813e+01   1.556231e+01   2.305536e+02

After 6 iterations the fit converged.
final sum of squares of residuals : 21190.2
rel. change during last iteration : -2.17673e-08

degrees of freedom    (FIT_NDF)                        : 9
rms of residuals      (FIT_STDFIT) = sqrt(WSSR/ndf)    : 48.5229
variance of residuals (reduced chisquare) = WSSR/ndf   : 2354.47

Final set of parameters            Asymptotic Standard Error
=======================            ==========================
a2              = -31.7481         +/- 2.342        (7.378%)
b2              = 15.5623          +/- 1.151        (7.395%)
c2              = 230.554          +/- 38.2         (16.57%)

correlation matrix of the fit parameters:
                a2     b2     c2     
a2              1.000 
b2             -1.000  1.000 
c2             -0.833  0.820  1.000 


*******************************************************************************
Sun Dec  7 01:06:19 2025


FIT:    data read from 'data.txt' index 0 using 1:2
        format = x:z
        #datapoints = 12
        residuals are weighted equally (unit weight)

function used for fitting: f1(x)
	f1(x) = a1*x**1.2 + b1*x + c1
fitted parameters initialized with current variable values

iter      chisq       delta/lim  lambda   a1            b1            c1           
   0 1.1283854605e+08   0.00e+00  1.38e+03    1.000000e+00   1.000000e+00   1.000000e+00
   7 1.4758817026e+04  -3.13e-08  1.38e-04    2.048638e+00  -8.385627e+00   1.325324e+02

After 7 iterations the fit converged.
final sum of squares of residuals : 14758.8
rel. change during last iteration : -3.12679e-13

degrees of freedom    (FIT_NDF)                        : 9
rms of residuals      (FIT_STDFIT) = sqrt(WSSR/ndf)    : 40.4953
variance of residuals (reduced chisquare) = WSSR/ndf   : 1639.87

Final set of parameters            Asymptotic Standard Error
=======================            ==========================
a1              = 2.04864          +/- 0.1272       (6.21%)
b1              = -8.38563         +/- 0.5204       (6.206%)
c1              = 132.532          +/- 27.23        (20.55%)

correlation matrix of the fit parameters:
                a1     b1     c1     
a1              1.000 
b1             -0.998  1.000 
c1              0.760 -0.786  1.000 


*******************************************************************************
Sun Dec  7 01:06:19 2025


FIT:    data read from 'data.txt' index 1 using 1:2
        format = x:z
        #datapoints = 12
        residuals are weighted equally (unit weight)

function used for fitting: f2(x)
	f2(x) = a2*x**1.2 + b2*x + c2
fitted parameters initialized with current variable values

iter      chisq       delta/lim  lambda   a2            b2            c2           
   0 1.1593300530e+08   0.00e+00  1.40e+03    1.000000e+00   1.000000e+00   1.000000e+00
   7 1.8456726675e+04  -2.54e-08  1.40e-04    2.069935e+00  -8.490400e+00   1.324294e+02

After 7 iterations the fit converged.
final sum of squares of residuals : 18456.7
rel. change during last iteration : -2.53679e-13

degrees of freedom    (FIT_NDF)                        : 9
rms of residuals      (FIT_STDFIT) = sqrt(WSSR/ndf)    : 45.2852
variance of residuals (reduced chisquare) = WSSR/ndf   : 2050.75

Final set of parameters            Asymptotic Standard Error
=======================            ==========================
a2              = 2.06994          +/- 0.1421       (6.864%)
b2              = -8.4904          +/- 0.5817       (6.851%)
c2              = 132.429          +/- 30.2         (22.81%)

correlation matrix of the fit parameters:
                a2     b2     c2     
a2              1.000 
b2             -0.998  1.000 
c2              0.757 -0.783  1.000 


*******************************************************************************
Sun Dec  7 01:11:01 2025


FIT:    data read from 'data.txt' index 0 using 1:2
        format = x:z
        #datapoints = 12
        residuals are weighted equally (unit weight)

function used for fitting: f1(x)
	f1(x) = a1*x**1.2 + b1*x + c1
fitted parameters initialized with current variable values

iter      chisq       delta/lim  lambda   a1            b1            c1           
   0 1.1283854605e+08   0.00e+00  1.38e+03    1.000000e+00   1.000000e+00   1.000000e+00
   7 1.4758817026e+04  -3.13e-08  1.38e-04    2.048638e+00  -8.385627e+00   1.325324e+02

After 7 iterations the fit converged.
final sum of squares of residuals : 14758.8
rel. change during last iteration : -3.12679e-13

degrees of freedom    (FIT_NDF)                        : 9
rms of residuals      (FIT_STDFIT) = sqrt(WSSR/ndf)    : 40.4953
variance of residuals (reduced chisquare) = WSSR/ndf   : 1639.87

Final set of parameters            Asymptotic Standard Error
=======================            ==========================
a1              = 2.04864          +/- 0.1272       (6.21%)
b1              = -8.38563         +/- 0.5204       (6.206%)
c1              = 132.532          +/- 27.23        (20.55%)

correlation matrix of the fit parameters:
                a1     b1     c1     
a1              1.000 
b1             -0.998  1.000 
c1              0.760 -0.786  1.000 


*******************************************************************************
Sun Dec  7 01:11:01 2025


FIT:    data read from 'data.txt' index 1 using 1:2
        format = x:z
        #datapoints = 12
        residuals are weighted equally (unit weight)

function used for fitting: f2(x)
	f2(x) = a2*x**1.2 + b2*x + c2
fitted parameters initialized with current variable values

iter      chisq       delta/lim  lambda   a2            b2            c2           
   0 1.1593300530e+08   0.00e+00  1.40e+03    1.000000e+00   1.000000e+00   1.000000e+00
   7 1.8456726675e+04  -2.54e-08  1.40e-04    2.069935e+00  -8.490400e+00   1.324294e+02

After 7 iterations the fit converged.
final sum of squares of residuals : 18456.7
rel. change during last iteration : -2.53679e-13

degrees of freedom    (FIT_NDF)                        : 9
rms of residuals      (FIT_STDFIT) = sqrt(WSSR/ndf)    : 45.2852
variance of residuals (reduced chisquare) = WSSR/ndf   : 2050.75

Final set of parameters            Asymptotic Standard Error
=======================            ==========================
a2              = 2.06994          +/- 0.1421       (6.864%)
b2              = -8.4904          +/- 0.5817       (6.851%)
c2              = 132.429          +/- 30.2         (22.81%)

correlation matrix of the fit parameters:
                a2     b2     c2     
a2              1.000 
b2             -0.998  1.000 
c2              0.757 -0.783  1.000 


*******************************************************************************
Sun Dec  7 01:32:40 2025


FIT:    data read from 'data.txt' index 0 using 1:2
        format = x:z
        #datapoints = 12
        residuals are weighted equally (unit weight)

function used for fitting: f1(x)
	f1(x) = a1*x**1.2 + b1*x + c1
fitted parameters initialized with current variable values

iter      chisq       delta/lim  lambda   a1            b1            c1           
   0 1.1283854605e+08   0.00e+00  1.38e+03    1.000000e+00   1.000000e+00   1.000000e+00
   7 1.4758817026e+04  -3.13e-08  1.38e-04    2.048638e+00  -8.385627e+00   1.325324e+02

After 7 iterations the fit converged.
final sum of squares of residuals : 14758.8
rel. change during last iteration : -3.12679e-13

degrees of freedom    (FIT_NDF)                        : 9
rms of residuals      (FIT_STDFIT) = sqrt(WSSR/ndf)    : 40.4953
variance of residuals (reduced chisquare) = WSSR/ndf   : 1639.87

Final set of parameters            Asymptotic Standard Error
=======================            ==========================
a1              = 2.04864          +/- 0.1272       (6.21%)
b1              = -8.38563         +/- 0.5204       (6.206%)
c1              = 132.532          +/- 27.23        (20.55%)

correlation matrix of the fit parameters:
                a1     b1     c1     
a1              1.000 
b1             -0.998  1.000 
c1              0.760 -0.786  1.000 


*******************************************************************************
Sun Dec  7 01:32:40 2025


FIT:    data read from 'data.txt' index 1 using 1:2
        format = x:z
        #datapoints = 12
        residuals are weighted equally (unit weight)

function used for fitting: f2(x)
	f2(x) = a2*x**1.2 + b2*x + c2
fitted parameters initialized with current variable values

iter      chisq       delta/lim  lambda   a2            b2            c2           
   0 1.1593300530e+08   0.00e+00  1.40e+03    1.000000e+00   1.000000e+00   1.000000e+00
   7 1.8456726675e+04  -2.54e-08  1.40e-04    2.069935e+00  -8.490400e+00   1.324294e+02

After 7 iterations the fit converged.
final sum of squares of residuals : 18456.7
rel. change during last iteration : -2.53679e-13

degrees of freedom    (FIT_NDF)                        : 9
rms of residuals      (FIT_STDFIT) = sqrt(WSSR/ndf)    : 45.2852
variance of residuals (reduced chisquare) = WSSR/ndf   : 2050.75

Final set of parameters            Asymptotic Standard Error
=======================            ==========================
a2              = 2.06994          +/- 0.1421       (6.864%)
b2              = -8.4904          +/- 0.5817       (6.851%)
c2              = 132.429          +/- 30.2         (22.81%)

correlation matrix of the fit parameters:
                a2     b2     c2     
a2              1.000 
b2             -0.998  1.000 
c2              0.757 -0.783  1.000 


*******************************************************************************
Sun Dec  7 01:32:59 2025


FIT:    data read from 'data.txt' index 0 using 1:2
        format = x:z
        #datapoints = 12
        residuals are weighted equally (unit weight)

function used for fitting: f1(x)
	f1(x) = a1*x**7 + b1*x + c1
fitted parameters initialized with current variable values

iter      chisq       delta/lim  lambda   a1            b1            c1           
   0 4.0660632256e+42   0.00e+00  3.36e+20    1.000000e+00   1.000000e+00   1.000000e+00
   6 3.8589679191e+06   0.00e+00  3.36e+17   -9.523832e-19   1.000000e+00   1.000000e+00

After 6 iterations the fit converged.
final sum of squares of residuals : 3.85897e+06
rel. change during last iteration : 0

degrees of freedom    (FIT_NDF)                        : 9
rms of residuals      (FIT_STDFIT) = sqrt(WSSR/ndf)    : 654.809
variance of residuals (reduced chisquare) = WSSR/ndf   : 428774

Final set of parameters            Asymptotic Standard Error
=======================            ==========================
a1              = -9.52383e-19     +/- 7.344e-19    (77.11%)
b1              = 1                +/- 0.9349       (93.49%)
c1              = 1                +/- 318.3        (3.183e+04%)

correlation matrix of the fit parameters:
                a1     b1     c1     
a1              1.000 
b1             -0.857  1.000 
c1              0.436 -0.722  1.000 


*******************************************************************************
Sun Dec  7 01:32:59 2025


FIT:    data read from 'data.txt' index 1 using 1:2
        format = x:z
        #datapoints = 12
        residuals are weighted equally (unit weight)

function used for fitting: f2(x)
	f2(x) = a2*x**7 + b2*x + c2
fitted parameters initialized with current variable values

iter      chisq       delta/lim  lambda   a2            b2            c2           
   0 4.4814314432e+42   0.00e+00  3.53e+20    1.000000e+00   1.000000e+00   1.000000e+00
   6 3.8837122908e+06   0.00e+00  3.53e+14   -9.321884e-19   1.000000e+00   1.000000e+00

After 6 iterations the fit converged.
final sum of squares of residuals : 3.88371e+06
rel. change during last iteration : 0

degrees of freedom    (FIT_NDF)                        : 9
rms of residuals      (FIT_STDFIT) = sqrt(WSSR/ndf)    : 656.905
variance of residuals (reduced chisquare) = WSSR/ndf   : 431524

Final set of parameters            Asymptotic Standard Error
=======================            ==========================
a2              = -9.32188e-19     +/- 7.141e-19    (76.6%)
b2              = 1                +/- 0.9374       (93.74%)
c2              = 1                +/- 317.6        (3.176e+04%)

correlation matrix of the fit parameters:
                a2     b2     c2     
a2              1.000 
b2             -0.861  1.000 
c2              0.433 -0.716  1.000 


*******************************************************************************
Sun Dec  7 01:33:18 2025


FIT:    data read from 'data.txt' index 0 using 1:2
        format = x:z
        #datapoints = 12
        residuals are weighted equally (unit weight)

function used for fitting: f1(x)
	f1(x) = a1*x**8 + b1*x + c1
fitted parameters initialized with current variable values

iter      chisq       delta/lim  lambda   a1            b1            c1           
   0 4.2666661168e+48   0.00e+00  3.44e+23    1.000000e+00   1.000000e+00   1.000000e+00
   1 3.1166297420e+45  -1.37e+08  3.44e+22    2.702703e-02   1.000000e+00   1.000000e+00

The maximum lambda = 1.000000e+20 was exceeded. Fit stopped.
final sum of squares of residuals : 3.11663e+45
rel. change during last iteration : -1368

degrees of freedom    (FIT_NDF)                        : 9
rms of residuals      (FIT_STDFIT) = sqrt(WSSR/ndf)    : 1.86089e+22
variance of residuals (reduced chisquare) = WSSR/ndf   : 3.46292e+44

Final set of parameters            Asymptotic Standard Error
=======================            ==========================
a1              = 0.027027         +/- 0.009009     (33.33%)
b1              = 1                +/- 2.502e+21    (2.502e+23%)
c1              = 1                +/- 9.161e+22    (9.161e+24%)

correlation matrix of the fit parameters:
                a1     b1     c1     
a1              1.000 
b1              0.000  1.000 
c1             -0.000 -0.997  1.000 


*******************************************************************************
Sun Dec  7 01:33:18 2025


FIT:    data read from 'data.txt' index 1 using 1:2
        format = x:z
        #datapoints = 12
        residuals are weighted equally (unit weight)

function used for fitting: f2(x)
	f2(x) = a2*x**8 + b2*x + c2
fitted parameters initialized with current variable values

iter      chisq       delta/lim  lambda   a2            b2            c2           
   0 4.7489265931e+48   0.00e+00  3.63e+23    1.000000e+00   1.000000e+00   1.000000e+00
   1 3.4689018211e+45  -1.37e+08  3.63e+22    2.702703e-02   1.000000e+00   1.000000e+00

The maximum lambda = 1.000000e+20 was exceeded. Fit stopped.
final sum of squares of residuals : 3.4689e+45
rel. change during last iteration : -1368

degrees of freedom    (FIT_NDF)                        : 9
rms of residuals      (FIT_STDFIT) = sqrt(WSSR/ndf)    : 1.96325e+22
variance of residuals (reduced chisquare) = WSSR/ndf   : 3.85434e+44

Final set of parameters            Asymptotic Standard Error
=======================            ==========================
a2              = 0.027027         +/- 0.009009     (33.33%)
b2              = 1                +/- 8.905e+20    (8.905e+22%)
c2              = 1                +/- 4.153e+22    (4.153e+24%)

correlation matrix of the fit parameters:
                a2     b2     c2     
a2              1.000 
b2             -0.000  1.000 
c2              0.000 -0.972  1.000 


*******************************************************************************
Sun Dec  7 01:33:25 2025


FIT:    data read from 'data.txt' index 0 using 1:2
        format = x:z
        #datapoints = 12
        residuals are weighted equally (unit weight)

function used for fitting: f1(x)
	f1(x) = a1*x**7 + b1*x + c1
fitted parameters initialized with current variable values

iter      chisq       delta/lim  lambda   a1            b1            c1           
   0 4.0660632256e+42   0.00e+00  3.36e+20    1.000000e+00   1.000000e+00   1.000000e+00
   6 3.8589679191e+06   0.00e+00  3.36e+17   -9.523832e-19   1.000000e+00   1.000000e+00

After 6 iterations the fit converged.
final sum of squares of residuals : 3.85897e+06
rel. change during last iteration : 0

degrees of freedom    (FIT_NDF)                        : 9
rms of residuals      (FIT_STDFIT) = sqrt(WSSR/ndf)    : 654.809
variance of residuals (reduced chisquare) = WSSR/ndf   : 428774

Final set of parameters            Asymptotic Standard Error
=======================            ==========================
a1              = -9.52383e-19     +/- 7.344e-19    (77.11%)
b1              = 1                +/- 0.9349       (93.49%)
c1              = 1                +/- 318.3        (3.183e+04%)

correlation matrix of the fit parameters:
                a1     b1     c1     
a1              1.000 
b1             -0.857  1.000 
c1              0.436 -0.722  1.000 


*******************************************************************************
Sun Dec  7 01:33:25 2025


FIT:    data read from 'data.txt' index 1 using 1:2
        format = x:z
        #datapoints = 12
        residuals are weighted equally (unit weight)

function used for fitting: f2(x)
	f2(x) = a2*x**7 + b2*x + c2
fitted parameters initialized with current variable values

iter      chisq       delta/lim  lambda   a2            b2            c2           
   0 4.4814314432e+42   0.00e+00  3.53e+20    1.000000e+00   1.000000e+00   1.000000e+00
   6 3.8837122908e+06   0.00e+00  3.53e+14   -9.321884e-19   1.000000e+00   1.000000e+00

After 6 iterations the fit converged.
final sum of squares of residuals : 3.88371e+06
rel. change during last iteration : 0

degrees of freedom    (FIT_NDF)                        : 9
rms of residuals      (FIT_STDFIT) = sqrt(WSSR/ndf)    : 656.905
variance of residuals (reduced chisquare) = WSSR/ndf   : 431524

Final set of parameters            Asymptotic Standard Error
=======================            ==========================
a2              = -9.32188e-19     +/- 7.141e-19    (76.6%)
b2              = 1                +/- 0.9374       (93.74%)
c2              = 1                +/- 317.6        (3.176e+04%)

correlation matrix of the fit parameters:
                a2     b2     c2     
a2              1.000 
b2             -0.861  1.000 
c2              0.433 -0.716  1.000 


*******************************************************************************
Sun Dec  7 01:33:32 2025


FIT:    data read from 'data.txt' index 0 using 1:2
        format = x:z
        #datapoints = 12
        residuals are weighted equally (unit weight)

function used for fitting: f1(x)
	f1(x) = a1*x**7.5 + b1*x + c1
fitted parameters initialized with current variable values

iter      chisq       delta/lim  lambda   a1            b1            c1           
   0 4.1638143707e+45   0.00e+00  1.08e+22    1.000000e+00   1.000000e+00   1.000000e+00
   1 3.0415006360e+42  -1.37e+08  1.08e+21    2.702703e-02   1.000000e+00   1.000000e+00

The maximum lambda = 1.000000e+20 was exceeded. Fit stopped.
final sum of squares of residuals : 3.0415e+42
rel. change during last iteration : -1368

degrees of freedom    (FIT_NDF)                        : 9
rms of residuals      (FIT_STDFIT) = sqrt(WSSR/ndf)    : 5.8133e+20
variance of residuals (reduced chisquare) = WSSR/ndf   : 3.37945e+41

Final set of parameters            Asymptotic Standard Error
=======================            ==========================
a1              = 0.027027         +/- 0.009009     (33.33%)
b1              = 1                +/- 4.57e+18     (4.57e+20%)
c1              = 1                +/- 3.62e+20     (3.62e+22%)

correlation matrix of the fit parameters:
                a1     b1     c1     
a1              1.000 
b1             -0.000  1.000 
c1              0.000 -0.589  1.000 


*******************************************************************************
Sun Dec  7 01:33:32 2025


FIT:    data read from 'data.txt' index 1 using 1:2
        format = x:z
        #datapoints = 12
        residuals are weighted equally (unit weight)

function used for fitting: f2(x)
	f2(x) = a2*x**7.5 + b2*x + c2
fitted parameters initialized with current variable values

iter      chisq       delta/lim  lambda   a2            b2            c2           
   0 4.6120252852e+45   0.00e+00  1.13e+22    1.000000e+00   1.000000e+00   1.000000e+00
   1 3.3689008657e+42  -1.37e+08  1.13e+21    2.702703e-02   1.000000e+00   1.000000e+00

The maximum lambda = 1.000000e+20 was exceeded. Fit stopped.
final sum of squares of residuals : 3.3689e+42
rel. change during last iteration : -1368

degrees of freedom    (FIT_NDF)                        : 9
rms of residuals      (FIT_STDFIT) = sqrt(WSSR/ndf)    : 6.11819e+20
variance of residuals (reduced chisquare) = WSSR/ndf   : 3.74322e+41

Final set of parameters            Asymptotic Standard Error
=======================            ==========================
a2              = 0.027027         +/- 0.009009     (33.33%)
b2              = 1                +/- 4.821e+18    (4.821e+20%)
c2              = 1                +/- 3.785e+20    (3.785e+22%)

correlation matrix of the fit parameters:
                a2     b2     c2     
a2              1.000 
b2             -0.000  1.000 
c2              0.000 -0.582  1.000 


*******************************************************************************
Sun Dec  7 01:33:39 2025


FIT:    data read from 'data.txt' index 0 using 1:2
        format = x:z
        #datapoints = 12
        residuals are weighted equally (unit weight)

function used for fitting: f1(x)
	f1(x) = a1*x**7.1 + b1*x + c1
fitted parameters initialized with current variable values

iter      chisq       delta/lim  lambda   a1            b1            c1           
   0 1.6263456690e+43   0.00e+00  6.72e+20    1.000000e+00   1.000000e+00   1.000000e+00
   6 3.8717545686e+06   0.00e+00  6.72e+18   -4.753771e-19   1.000000e+00   1.000000e+00

After 6 iterations the fit converged.
final sum of squares of residuals : 3.87175e+06
rel. change during last iteration : 0

degrees of freedom    (FIT_NDF)                        : 9
rms of residuals      (FIT_STDFIT) = sqrt(WSSR/ndf)    : 655.892
variance of residuals (reduced chisquare) = WSSR/ndf   : 430195

Final set of parameters            Asymptotic Standard Error
=======================            ==========================
a1              = -4.75377e-19     +/- 3.663e-19    (77.06%)
b1              = 1                +/- 0.9333       (93.33%)
c1              = 1                +/- 318.6        (3.186e+04%)

correlation matrix of the fit parameters:
                a1     b1     c1     
a1              1.000 
b1             -0.856  1.000 
c1              0.435 -0.722  1.000 


*******************************************************************************
Sun Dec  7 01:33:39 2025


FIT:    data read from 'data.txt' index 1 using 1:2
        format = x:z
        #datapoints = 12
        residuals are weighted equally (unit weight)

function used for fitting: f2(x)
	f2(x) = a2*x**7.1 + b2*x + c2
fitted parameters initialized with current variable values

iter      chisq       delta/lim  lambda   a2            b2            c2           
   0 1.7942832247e+43   0.00e+00  7.06e+20    1.000000e+00   1.000000e+00   1.000000e+00
   6 3.8966018770e+06   0.00e+00  7.06e+14   -4.651003e-19   1.000000e+00   1.000000e+00

After 6 iterations the fit converged.
final sum of squares of residuals : 3.8966e+06
rel. change during last iteration : 0

degrees of freedom    (FIT_NDF)                        : 9
rms of residuals      (FIT_STDFIT) = sqrt(WSSR/ndf)    : 657.994
variance of residuals (reduced chisquare) = WSSR/ndf   : 432956

Final set of parameters            Asymptotic Standard Error
=======================            ==========================
a2              = -4.651e-19       +/- 3.561e-19    (76.56%)
b2              = 1                +/- 0.9358       (93.58%)
c2              = 1                +/- 317.9        (3.179e+04%)

correlation matrix of the fit parameters:
                a2     b2     c2     
a2              1.000 
b2             -0.860  1.000 
c2              0.431 -0.716  1.000 


*******************************************************************************
Sun Dec  7 01:33:45 2025


FIT:    data read from 'data.txt' index 0 using 1:2
        format = x:z
        #datapoints = 12
        residuals are weighted equally (unit weight)

function used for fitting: f1(x)
	f1(x) = a1*x**7.2 + b1*x + c1
fitted parameters initialized with current variable values

iter      chisq       delta/lim  lambda   a1            b1            c1           
   0 6.5052558695e+43   0.00e+00  1.34e+21    1.000000e+00   1.000000e+00   1.000000e+00
   1 4.7518304379e+40  -1.37e+08  1.34e+20    2.702703e-02   1.000000e+00   1.000000e+00

The maximum lambda = 1.000000e+20 was exceeded. Fit stopped.
final sum of squares of residuals : 4.75183e+40
rel. change during last iteration : -1368

degrees of freedom    (FIT_NDF)                        : 9
rms of residuals      (FIT_STDFIT) = sqrt(WSSR/ndf)    : 7.26623e+19
variance of residuals (reduced chisquare) = WSSR/ndf   : 5.27981e+39

Final set of parameters            Asymptotic Standard Error
=======================            ==========================
a1              = 0.027027         +/- 0.009009     (33.33%)
b1              = 1                +/- 5.095e+17    (5.095e+19%)
c1              = 1                +/- 4.36e+19     (4.36e+21%)

correlation matrix of the fit parameters:
                a1     b1     c1     
a1              1.000 
b1             -0.000  1.000 
c1              0.000 -0.545  1.000 


*******************************************************************************
Sun Dec  7 01:33:45 2025


FIT:    data read from 'data.txt' index 1 using 1:2
        format = x:z
        #datapoints = 12
        residuals are weighted equally (unit weight)

function used for fitting: f2(x)
	f2(x) = a2*x**7.2 + b2*x + c2
fitted parameters initialized with current variable values

iter      chisq       delta/lim  lambda   a2            b2            c2           
   0 7.1841612064e+43   0.00e+00  1.41e+21    1.000000e+00   1.000000e+00   1.000000e+00
   1 5.2477437592e+40  -1.37e+08  1.41e+20    2.702703e-02   1.000000e+00   1.000000e+00

The maximum lambda = 1.000000e+20 was exceeded. Fit stopped.
final sum of squares of residuals : 5.24774e+40
rel. change during last iteration : -1368

degrees of freedom    (FIT_NDF)                        : 9
rms of residuals      (FIT_STDFIT) = sqrt(WSSR/ndf)    : 7.63598e+19
variance of residuals (reduced chisquare) = WSSR/ndf   : 5.83083e+39

Final set of parameters            Asymptotic Standard Error
=======================            ==========================
a2              = 0.027027         +/- 0.009009     (33.33%)
b2              = 1                +/- 5.681e+17    (5.681e+19%)
c2              = 1                +/- 4.603e+19    (4.603e+21%)

correlation matrix of the fit parameters:
                a2     b2     c2     
a2              1.000 
b2             -0.000  1.000 
c2              0.000 -0.561  1.000 


*******************************************************************************
Sun Dec  7 01:33:52 2025


FIT:    data read from 'data.txt' index 0 using 1:2
        format = x:z
        #datapoints = 12
        residuals are weighted equally (unit weight)

function used for fitting: f1(x)
	f1(x) = a1*x**7.15 + b1*x + c1
fitted parameters initialized with current variable values

iter      chisq       delta/lim  lambda   a1            b1            c1           
   0 3.2526478739e+43   0.00e+00  9.51e+20    1.000000e+00   1.000000e+00   1.000000e+00
   6 3.8780054848e+06   0.00e+00  9.51e+14   -3.358586e-19   1.000000e+00   1.000000e+00

After 6 iterations the fit converged.
final sum of squares of residuals : 3.87801e+06
rel. change during last iteration : 0

degrees of freedom    (FIT_NDF)                        : 9
rms of residuals      (FIT_STDFIT) = sqrt(WSSR/ndf)    : 656.422
variance of residuals (reduced chisquare) = WSSR/ndf   : 430889

Final set of parameters            Asymptotic Standard Error
=======================            ==========================
a1              = -3.35859e-19     +/- 2.587e-19    (77.04%)
b1              = 1                +/- 0.9325       (93.25%)
c1              = 1                +/- 318.8        (3.188e+04%)

correlation matrix of the fit parameters:
                a1     b1     c1     
a1              1.000 
b1             -0.856  1.000 
c1              0.435 -0.722  1.000 


*******************************************************************************
Sun Dec  7 01:33:52 2025


FIT:    data read from 'data.txt' index 1 using 1:2
        format = x:z
        #datapoints = 12
        residuals are weighted equally (unit weight)

function used for fitting: f2(x)
	f2(x) = a2*x**7.15 + b2*x + c2
fitted parameters initialized with current variable values

iter      chisq       delta/lim  lambda   a2            b2            c2           
   0 3.5903121539e+43   0.00e+00  9.99e+20    1.000000e+00   1.000000e+00   1.000000e+00
   6 3.9028982261e+06   0.00e+00  9.99e+20   -3.285288e-19   1.000000e+00   1.000000e+00

The maximum lambda = 1.000000e+20 was exceeded. Fit stopped.
final sum of squares of residuals : 3.9029e+06
rel. change during last iteration : 0

degrees of freedom    (FIT_NDF)                        : 9
rms of residuals      (FIT_STDFIT) = sqrt(WSSR/ndf)    : 658.525
variance of residuals (reduced chisquare) = WSSR/ndf   : 433655

Final set of parameters            Asymptotic Standard Error
=======================            ==========================
a2              = -3.28529e-19     +/- 2.514e-19    (76.53%)
b2              = 1                +/- 0.935        (93.5%)
c2              = 1                +/- 318.1        (3.181e+04%)

correlation matrix of the fit parameters:
                a2     b2     c2     
a2              1.000 
b2             -0.860  1.000 
c2              0.431 -0.716  1.000 


*******************************************************************************
Sun Dec  7 01:33:59 2025


FIT:    data read from 'data.txt' index 0 using 1:2
        format = x:z
        #datapoints = 12
        residuals are weighted equally (unit weight)

function used for fitting: f1(x)
	f1(x) = a1*x**7.16 + b1*x + c1
fitted parameters initialized with current variable values

iter      chisq       delta/lim  lambda   a1            b1            c1           
   0 3.7363045350e+43   0.00e+00  1.02e+21    1.000000e+00   1.000000e+00   1.000000e+00
   1 2.7292217202e+40  -1.37e+08  1.02e+20    2.702703e-02   1.000000e+00   1.000000e+00

The maximum lambda = 1.000000e+20 was exceeded. Fit stopped.
final sum of squares of residuals : 2.72922e+40
rel. change during last iteration : -1368

degrees of freedom    (FIT_NDF)                        : 9
rms of residuals      (FIT_STDFIT) = sqrt(WSSR/ndf)    : 5.50679e+19
variance of residuals (reduced chisquare) = WSSR/ndf   : 3.03247e+39

Final set of parameters            Asymptotic Standard Error
=======================            ==========================
a1              = 0.027027         +/- 0.009009     (33.33%)
b1              = 1                +/- 3.862e+17    (3.862e+19%)
c1              = 1                +/- 3.304e+19    (3.304e+21%)

correlation matrix of the fit parameters:
                a1     b1     c1     
a1              1.000 
b1             -0.000  1.000 
c1              0.000 -0.545  1.000 


*******************************************************************************
Sun Dec  7 01:33:59 2025


FIT:    data read from 'data.txt' index 1 using 1:2
        format = x:z
        #datapoints = 12
        residuals are weighted equally (unit weight)

function used for fitting: f2(x)
	f2(x) = a2*x**7.16 + b2*x + c2
fitted parameters initialized with current variable values

iter      chisq       delta/lim  lambda   a2            b2            c2           
   0 4.1245898747e+43   0.00e+00  1.07e+21    1.000000e+00   1.000000e+00   1.000000e+00
   1 3.0128487032e+40  -1.37e+08  1.07e+20    2.702703e-02   1.000000e+00   1.000000e+00

The maximum lambda = 1.000000e+20 was exceeded. Fit stopped.
final sum of squares of residuals : 3.01285e+40
rel. change during last iteration : -1368

degrees of freedom    (FIT_NDF)                        : 9
rms of residuals      (FIT_STDFIT) = sqrt(WSSR/ndf)    : 5.78585e+19
variance of residuals (reduced chisquare) = WSSR/ndf   : 3.34761e+39

Final set of parameters            Asymptotic Standard Error
=======================            ==========================
a2              = 0.027027         +/- 0.009009     (33.33%)
b2              = 1                +/- 4.304e+17    (4.304e+19%)
c2              = 1                +/- 3.487e+19    (3.487e+21%)

correlation matrix of the fit parameters:
                a2     b2     c2     
a2              1.000 
b2             -0.000  1.000 
c2              0.000 -0.561  1.000 


*******************************************************************************
Sun Dec  7 01:34:07 2025


FIT:    data read from 'data.txt' index 0 using 1:2
        format = x:z
        #datapoints = 12
        residuals are weighted equally (unit weight)

function used for fitting: f1(x)
	f1(x) = a1*x**7.155 + b1*x + c1
fitted parameters initialized with current variable values

iter      chisq       delta/lim  lambda   a1            b1            c1           
   0 3.4860984101e+43   0.00e+00  9.84e+20    1.000000e+00   1.000000e+00   1.000000e+00
   6 3.8786254741e+06   0.00e+00  9.84e+14   -3.243908e-19   1.000000e+00   1.000000e+00

After 6 iterations the fit converged.
final sum of squares of residuals : 3.87863e+06
rel. change during last iteration : 0

degrees of freedom    (FIT_NDF)                        : 9
rms of residuals      (FIT_STDFIT) = sqrt(WSSR/ndf)    : 656.474
variance of residuals (reduced chisquare) = WSSR/ndf   : 430958

Final set of parameters            Asymptotic Standard Error
=======================            ==========================
a1              = -3.24391e-19     +/- 2.499e-19    (77.04%)
b1              = 1                +/- 0.9324       (93.24%)
c1              = 1                +/- 318.8        (3.188e+04%)

correlation matrix of the fit parameters:
                a1     b1     c1     
a1              1.000 
b1             -0.856  1.000 
c1              0.435 -0.722  1.000 


*******************************************************************************
Sun Dec  7 01:34:07 2025


FIT:    data read from 'data.txt' index 1 using 1:2
        format = x:z
        #datapoints = 12
        residuals are weighted equally (unit weight)

function used for fitting: f2(x)
	f2(x) = a2*x**7.155 + b2*x + c2
fitted parameters initialized with current variable values

iter      chisq       delta/lim  lambda   a2            b2            c2           
   0 3.8481897376e+43   0.00e+00  1.03e+21    1.000000e+00   1.000000e+00   1.000000e+00
   1 2.8109494065e+40  -1.37e+08  1.03e+20    2.702703e-02   1.000000e+00   1.000000e+00

The maximum lambda = 1.000000e+20 was exceeded. Fit stopped.
final sum of squares of residuals : 2.81095e+40
rel. change during last iteration : -1368

degrees of freedom    (FIT_NDF)                        : 9
rms of residuals      (FIT_STDFIT) = sqrt(WSSR/ndf)    : 5.58863e+19
variance of residuals (reduced chisquare) = WSSR/ndf   : 3.12328e+39

Final set of parameters            Asymptotic Standard Error
=======================            ==========================
a2              = 0.027027         +/- 0.009009     (33.33%)
b2              = 1                +/- 4.157e+17    (4.157e+19%)
c2              = 1                +/- 3.368e+19    (3.368e+21%)

correlation matrix of the fit parameters:
                a2     b2     c2     
a2              1.000 
b2             -0.000  1.000 
c2              0.000 -0.561  1.000 


*******************************************************************************
Sun Dec  7 01:34:14 2025


FIT:    data read from 'data.txt' index 0 using 1:2
        format = x:z
        #datapoints = 12
        residuals are weighted equally (unit weight)

function used for fitting: f1(x)
	f1(x) = a1*x**7.151 + b1*x + c1
fitted parameters initialized with current variable values

iter      chisq       delta/lim  lambda   a1            b1            c1           
   0 3.2980525095e+43   0.00e+00  9.57e+20    1.000000e+00   1.000000e+00   1.000000e+00
   6 3.8781295563e+06   0.00e+00  9.57e+14   -3.335331e-19   1.000000e+00   1.000000e+00

After 6 iterations the fit converged.
final sum of squares of residuals : 3.87813e+06
rel. change during last iteration : 0

degrees of freedom    (FIT_NDF)                        : 9
rms of residuals      (FIT_STDFIT) = sqrt(WSSR/ndf)    : 656.432
variance of residuals (reduced chisquare) = WSSR/ndf   : 430903

Final set of parameters            Asymptotic Standard Error
=======================            ==========================
a1              = -3.33533e-19     +/- 2.569e-19    (77.04%)
b1              = 1                +/- 0.9324       (93.24%)
c1              = 1                +/- 318.8        (3.188e+04%)

correlation matrix of the fit parameters:
                a1     b1     c1     
a1              1.000 
b1             -0.856  1.000 
c1              0.435 -0.722  1.000 


*******************************************************************************
Sun Dec  7 01:34:14 2025


FIT:    data read from 'data.txt' index 1 using 1:2
        format = x:z
        #datapoints = 12
        residuals are weighted equally (unit weight)

function used for fitting: f2(x)
	f2(x) = a2*x**7.151 + b2*x + c2
fitted parameters initialized with current variable values

iter      chisq       delta/lim  lambda   a2            b2            c2           
   0 3.6404666821e+43   0.00e+00  1.01e+21    1.000000e+00   1.000000e+00   1.000000e+00
   1 2.6592159840e+40  -1.37e+08  1.01e+20    2.702703e-02   1.000000e+00   1.000000e+00

The maximum lambda = 1.000000e+20 was exceeded. Fit stopped.
final sum of squares of residuals : 2.65922e+40
rel. change during last iteration : -1368

degrees of freedom    (FIT_NDF)                        : 9
rms of residuals      (FIT_STDFIT) = sqrt(WSSR/ndf)    : 5.4357e+19
variance of residuals (reduced chisquare) = WSSR/ndf   : 2.95468e+39

Final set of parameters            Asymptotic Standard Error
=======================            ==========================
a2              = 0.027027         +/- 0.009009     (33.33%)
b2              = 1                +/- 4.044e+17    (4.044e+19%)
c2              = 1                +/- 3.276e+19    (3.276e+21%)

correlation matrix of the fit parameters:
                a2     b2     c2     
a2              1.000 
b2             -0.000  1.000 
c2              0.000 -0.561  1.000 


*******************************************************************************
Sun Dec  7 01:34:31 2025


FIT:    data read from 'data.txt' index 0 using 1:2
        format = x:z
        #datapoints = 12
        residuals are weighted equally (unit weight)

function used for fitting: f1(x)
	f1(x) = a1*x**7.150 + b1*x + c1
fitted parameters initialized with current variable values

iter      chisq       delta/lim  lambda   a1            b1            c1           
   0 3.2526478739e+43   0.00e+00  9.51e+20    1.000000e+00   1.000000e+00   1.000000e+00
   6 3.8780054848e+06   0.00e+00  9.51e+14   -3.358586e-19   1.000000e+00   1.000000e+00

After 6 iterations the fit converged.
final sum of squares of residuals : 3.87801e+06
rel. change during last iteration : 0

degrees of freedom    (FIT_NDF)                        : 9
rms of residuals      (FIT_STDFIT) = sqrt(WSSR/ndf)    : 656.422
variance of residuals (reduced chisquare) = WSSR/ndf   : 430889

Final set of parameters            Asymptotic Standard Error
=======================            ==========================
a1              = -3.35859e-19     +/- 2.587e-19    (77.04%)
b1              = 1                +/- 0.9325       (93.25%)
c1              = 1                +/- 318.8        (3.188e+04%)

correlation matrix of the fit parameters:
                a1     b1     c1     
a1              1.000 
b1             -0.856  1.000 
c1              0.435 -0.722  1.000 


*******************************************************************************
Sun Dec  7 01:34:31 2025


FIT:    data read from 'data.txt' index 1 using 1:2
        format = x:z
        #datapoints = 12
        residuals are weighted equally (unit weight)

function used for fitting: f2(x)
	f2(x) = a2*x**7.150 + b2*x + c2
fitted parameters initialized with current variable values

iter      chisq       delta/lim  lambda   a2            b2            c2           
   0 3.5903121539e+43   0.00e+00  9.99e+20    1.000000e+00   1.000000e+00   1.000000e+00
   6 3.9028982261e+06   0.00e+00  9.99e+20   -3.285288e-19   1.000000e+00   1.000000e+00

The maximum lambda = 1.000000e+20 was exceeded. Fit stopped.
final sum of squares of residuals : 3.9029e+06
rel. change during last iteration : 0

degrees of freedom    (FIT_NDF)                        : 9
rms of residuals      (FIT_STDFIT) = sqrt(WSSR/ndf)    : 658.525
variance of residuals (reduced chisquare) = WSSR/ndf   : 433655

Final set of parameters            Asymptotic Standard Error
=======================            ==========================
a2              = -3.28529e-19     +/- 2.514e-19    (76.53%)
b2              = 1                +/- 0.935        (93.5%)
c2              = 1                +/- 318.1        (3.181e+04%)

correlation matrix of the fit parameters:
                a2     b2     c2     
a2              1.000 
b2             -0.860  1.000 
c2              0.431 -0.716  1.000 


*******************************************************************************
Sun Dec  7 01:34:44 2025


FIT:    data read from 'data.txt' index 0 using 1:2
        format = x:z
        #datapoints = 12
        residuals are weighted equally (unit weight)

function used for fitting: f1(x)
	f1(x) = a1*x**6 + b1*x + c1
fitted parameters initialized with current variable values

iter      chisq       delta/lim  lambda   a1            b1            c1           
   0 3.8870169193e+36   0.00e+00  3.29e+17    1.000000e+00   1.000000e+00   1.000000e+00
   5 3.7060955923e+06  -3.52e-02  3.29e+12   -9.940539e-16   1.000000e+00   1.000000e+00

After 5 iterations the fit converged.
final sum of squares of residuals : 3.7061e+06
rel. change during last iteration : -3.51749e-07

degrees of freedom    (FIT_NDF)                        : 9
rms of residuals      (FIT_STDFIT) = sqrt(WSSR/ndf)    : 641.707
variance of residuals (reduced chisquare) = WSSR/ndf   : 411788

Final set of parameters            Asymptotic Standard Error
=======================            ==========================
a1              = -9.94054e-16     +/- 7.727e-16    (77.73%)
b1              = 1                +/- 0.9553       (95.53%)
c1              = 1                +/- 314.3        (3.143e+04%)

correlation matrix of the fit parameters:
                a1     b1     c1     
a1              1.000 
b1             -0.869  1.000 
c1              0.450 -0.723  1.000 


*******************************************************************************
Sun Dec  7 01:34:44 2025


FIT:    data read from 'data.txt' index 1 using 1:2
        format = x:z
        #datapoints = 12
        residuals are weighted equally (unit weight)

function used for fitting: f2(x)
	f2(x) = a2*x**6 + b2*x + c2
fitted parameters initialized with current variable values

iter      chisq       delta/lim  lambda   a2            b2            c2           
   0 4.2403452583e+36   0.00e+00  3.43e+17    1.000000e+00   1.000000e+00   1.000000e+00
   5 3.7290162518e+06  -3.81e-02  3.43e+12   -9.771709e-16   1.000000e+00   1.000000e+00

After 5 iterations the fit converged.
final sum of squares of residuals : 3.72902e+06
rel. change during last iteration : -3.81365e-07

degrees of freedom    (FIT_NDF)                        : 9
rms of residuals      (FIT_STDFIT) = sqrt(WSSR/ndf)    : 643.689
variance of residuals (reduced chisquare) = WSSR/ndf   : 414335

Final set of parameters            Asymptotic Standard Error
=======================            ==========================
a2              = -9.77171e-16     +/- 7.548e-16    (77.25%)
b2              = 1                +/- 0.9574       (95.74%)
c2              = 1                +/- 313.4        (3.134e+04%)

correlation matrix of the fit parameters:
                a2     b2     c2     
a2              1.000 
b2             -0.873  1.000 
c2              0.446 -0.716  1.000 


*******************************************************************************
Sun Dec  7 01:35:49 2025


FIT:    data read from 'data.txt' index 0 using 1:2
        format = x:z
        #datapoints = 12
        residuals are weighted equally (unit weight)

function used for fitting: f1(x)
	f1(x) = a1*x**5 + b1*x + c1
fitted parameters initialized with current variable values

iter      chisq       delta/lim  lambda   a1            b1            c1           
   0 3.7340401876e+30   0.00e+00  3.22e+14    1.000000e+00   1.000000e+00   1.000000e+00
   5 3.4894285246e+06  -3.60e-08  3.22e+09   -1.042425e-12   1.000000e+00   1.000000e+00

After 5 iterations the fit converged.
final sum of squares of residuals : 3.48943e+06
rel. change during last iteration : -3.60446e-13

degrees of freedom    (FIT_NDF)                        : 9
rms of residuals      (FIT_STDFIT) = sqrt(WSSR/ndf)    : 622.667
variance of residuals (reduced chisquare) = WSSR/ndf   : 387714

Final set of parameters            Asymptotic Standard Error
=======================            ==========================
a1              = -1.04243e-12     +/- 8.22e-13     (78.85%)
b1              = 1                +/- 0.9861       (98.61%)
c1              = 1                +/- 308.3        (3.083e+04%)

correlation matrix of the fit parameters:
                a1     b1     c1     
a1              1.000 
b1             -0.886  1.000 
c1              0.469 -0.723  1.000 


*******************************************************************************
Sun Dec  7 01:35:49 2025


FIT:    data read from 'data.txt' index 1 using 1:2
        format = x:z
        #datapoints = 12
        residuals are weighted equally (unit weight)

function used for fitting: f2(x)
	f2(x) = a2*x**5 + b2*x + c2
fitted parameters initialized with current variable values

iter      chisq       delta/lim  lambda   a2            b2            c2           
   0 4.0302589748e+30   0.00e+00  3.35e+14    1.000000e+00   1.000000e+00   1.000000e+00
   5 3.5095494396e+06  -3.87e-08  3.35e+09   -1.029122e-12   1.000000e+00   1.000000e+00

After 5 iterations the fit converged.
final sum of squares of residuals : 3.50955e+06
rel. change during last iteration : -3.86641e-13

degrees of freedom    (FIT_NDF)                        : 9
rms of residuals      (FIT_STDFIT) = sqrt(WSSR/ndf)    : 624.46
variance of residuals (reduced chisquare) = WSSR/ndf   : 389950

Final set of parameters            Asymptotic Standard Error
=======================            ==========================
a2              = -1.02912e-12     +/- 8.072e-13    (78.43%)
b2              = 1                +/- 0.9883       (98.83%)
c2              = 1                +/- 307.3        (3.073e+04%)

correlation matrix of the fit parameters:
                a2     b2     c2     
a2              1.000 
b2             -0.889  1.000 
c2              0.464 -0.717  1.000 


*******************************************************************************
Sun Dec  7 01:35:55 2025


FIT:    data read from 'data.txt' index 0 using 1:2
        format = x:z
        #datapoints = 12
        residuals are weighted equally (unit weight)

function used for fitting: f1(x)
	f1(x) = a1*x**4 + b1*x + c1
fitted parameters initialized with current variable values

iter      chisq       delta/lim  lambda   a1            b1            c1           
   0 3.6182630702e+24   0.00e+00  3.17e+11    1.000000e+00   1.000000e+00   1.000000e+00
   5 3.1684762391e+06  -1.34e-04  3.17e+06   -1.100057e-09   1.000000e+00   1.000000e+00

After 5 iterations the fit converged.
final sum of squares of residuals : 3.16848e+06
rel. change during last iteration : -1.34395e-09

degrees of freedom    (FIT_NDF)                        : 9
rms of residuals      (FIT_STDFIT) = sqrt(WSSR/ndf)    : 593.34
variance of residuals (reduced chisquare) = WSSR/ndf   : 352053

Final set of parameters            Asymptotic Standard Error
=======================            ==========================
a1              = -1.10006e-09     +/- 8.932e-10    (81.19%)
b1              = 1                +/- 1.038        (103.8%)
c1              = 1                +/- 298.9        (2.989e+04%)

correlation matrix of the fit parameters:
                a1     b1     c1     
a1              1.000 
b1             -0.907  1.000 
c1              0.496 -0.724  1.000 


*******************************************************************************
Sun Dec  7 01:35:55 2025


FIT:    data read from 'data.txt' index 1 using 1:2
        format = x:z
        #datapoints = 12
        residuals are weighted equally (unit weight)

function used for fitting: f2(x)
	f2(x) = a2*x**4 + b2*x + c2
fitted parameters initialized with current variable values

iter      chisq       delta/lim  lambda   a2            b2            c2           
   0 3.8622609061e+24   0.00e+00  3.28e+11    1.000000e+00   1.000000e+00   1.000000e+00
   5 3.1858968465e+06  -1.23e-04  3.28e+06   -1.090394e-09   1.000000e+00   1.000000e+00

After 5 iterations the fit converged.
final sum of squares of residuals : 3.1859e+06
rel. change during last iteration : -1.23279e-09

degrees of freedom    (FIT_NDF)                        : 9
rms of residuals      (FIT_STDFIT) = sqrt(WSSR/ndf)    : 594.969
variance of residuals (reduced chisquare) = WSSR/ndf   : 353989

Final set of parameters            Asymptotic Standard Error
=======================            ==========================
a2              = -1.09039e-09     +/- 8.821e-10    (80.9%)
b2              = 1                +/- 1.041        (104.1%)
c2              = 1                +/- 297.8        (2.978e+04%)

correlation matrix of the fit parameters:
                a2     b2     c2     
a2              1.000 
b2             -0.910  1.000 
c2              0.492 -0.718  1.000 


*******************************************************************************
Sun Dec  7 01:36:00 2025


FIT:    data read from 'data.txt' index 0 using 1:2
        format = x:z
        #datapoints = 12
        residuals are weighted equally (unit weight)

function used for fitting: f1(x)
	f1(x) = a1*x**3 + b1*x + c1
fitted parameters initialized with current variable values

iter      chisq       delta/lim  lambda   a1            b1            c1           
   0 3.5678910172e+18   0.00e+00  3.15e+08    1.000000e+00   1.000000e+00   1.000000e+00
   4 2.6718297249e+06  -9.58e-01  3.15e+04   -1.168920e-06   9.999875e-01   1.000000e+00

After 4 iterations the fit converged.
final sum of squares of residuals : 2.67183e+06
rel. change during last iteration : -9.57683e-06

degrees of freedom    (FIT_NDF)                        : 9
rms of residuals      (FIT_STDFIT) = sqrt(WSSR/ndf)    : 544.858
variance of residuals (reduced chisquare) = WSSR/ndf   : 296870

Final set of parameters            Asymptotic Standard Error
=======================            ==========================
a1              = -1.16892e-06     +/- 1.019e-06    (87.18%)
b1              = 0.999987         +/- 1.145        (114.5%)
c1              = 1                +/- 283.2        (2.832e+04%)

correlation matrix of the fit parameters:
                a1     b1     c1     
a1              1.000 
b1             -0.937  1.000 
c1              0.540 -0.727  1.000 


*******************************************************************************
Sun Dec  7 01:36:00 2025


FIT:    data read from 'data.txt' index 1 using 1:2
        format = x:z
        #datapoints = 12
        residuals are weighted equally (unit weight)

function used for fitting: f2(x)
	f2(x) = a2*x**3 + b2*x + c2
fitted parameters initialized with current variable values

iter      chisq       delta/lim  lambda   a2            b2            c2           
   0 3.7638565620e+18   0.00e+00  3.23e+08    1.000000e+00   1.000000e+00   1.000000e+00
   4 2.6882420938e+06  -8.88e-01  3.23e+04   -1.162855e-06   9.999882e-01   1.000000e+00

After 4 iterations the fit converged.
final sum of squares of residuals : 2.68824e+06
rel. change during last iteration : -8.88197e-06

degrees of freedom    (FIT_NDF)                        : 9
rms of residuals      (FIT_STDFIT) = sqrt(WSSR/ndf)    : 546.529
variance of residuals (reduced chisquare) = WSSR/ndf   : 298694

Final set of parameters            Asymptotic Standard Error
=======================            ==========================
a2              = -1.16285e-06     +/- 1.013e-06    (87.07%)
b2              = 0.999988         +/- 1.15         (115%)
c2              = 1                +/- 282.2        (2.822e+04%)

correlation matrix of the fit parameters:
                a2     b2     c2     
a2              1.000 
b2             -0.939  1.000 
c2              0.536 -0.721  1.000 


*******************************************************************************
Sun Dec  7 01:36:06 2025


FIT:    data read from 'data.txt' index 0 using 1:2
        format = x:z
        #datapoints = 12
        residuals are weighted equally (unit weight)

function used for fitting: f1(x)
	f1(x) = a1*x**2 + b1*x + c1
fitted parameters initialized with current variable values

iter      chisq       delta/lim  lambda   a1            b1            c1           
   0 3.6740557500e+12   0.00e+00  3.19e+05    1.000000e+00   1.000000e+00   1.000000e+00
   9 1.7888666519e+04  -6.43e-07  3.19e-04    1.941020e-03  -2.064317e+00   2.637486e+01

After 9 iterations the fit converged.
final sum of squares of residuals : 17888.7
rel. change during last iteration : -6.4313e-12

degrees of freedom    (FIT_NDF)                        : 9
rms of residuals      (FIT_STDFIT) = sqrt(WSSR/ndf)    : 44.5828
variance of residuals (reduced chisquare) = WSSR/ndf   : 1987.63

Final set of parameters            Asymptotic Standard Error
=======================            ==========================
a1              = 0.00194102       +/- 0.0001332    (6.863%)
b1              = -2.06432         +/- 0.1441       (6.98%)
c1              = 26.3749          +/- 24.95        (94.61%)

correlation matrix of the fit parameters:
                a1     b1     c1     
a1              1.000 
b1             -0.974  1.000 
c1              0.624 -0.741  1.000 


*******************************************************************************
Sun Dec  7 01:36:06 2025


FIT:    data read from 'data.txt' index 1 using 1:2
        format = x:z
        #datapoints = 12
        residuals are weighted equally (unit weight)

function used for fitting: f2(x)
	f2(x) = a2*x**2 + b2*x + c2
fitted parameters initialized with current variable values

iter      chisq       delta/lim  lambda   a2            b2            c2           
   0 3.8235468277e+12   0.00e+00  3.25e+05    1.000000e+00   1.000000e+00   1.000000e+00
   9 2.2683116112e+04  -5.36e-07  3.25e-04    1.953196e-03  -2.098367e+00   2.550796e+01

After 9 iterations the fit converged.
final sum of squares of residuals : 22683.1
rel. change during last iteration : -5.36336e-12

degrees of freedom    (FIT_NDF)                        : 9
rms of residuals      (FIT_STDFIT) = sqrt(WSSR/ndf)    : 50.2031
variance of residuals (reduced chisquare) = WSSR/ndf   : 2520.35

Final set of parameters            Asymptotic Standard Error
=======================            ==========================
a2              = 0.0019532        +/- 0.0001494    (7.647%)
b2              = -2.09837         +/- 0.1624       (7.737%)
c2              = 25.508           +/- 27.89        (109.3%)

correlation matrix of the fit parameters:
                a2     b2     c2     
a2              1.000 
b2             -0.975  1.000 
c2              0.620 -0.736  1.000 


*******************************************************************************
Sun Dec  7 01:36:32 2025


FIT:    data read from 'data.txt' index 0 using 1:2
        format = x:z
        #datapoints = 12
        residuals are weighted equally (unit weight)

function used for fitting: f1(x)
	f1(x) = a1*x**1.1 + b1*x + c1
fitted parameters initialized with current variable values

iter      chisq       delta/lim  lambda   a1            b1            c1           
   0 4.5107780025e+07   0.00e+00  7.58e+02    1.000000e+00   1.000000e+00   1.000000e+00
   6 1.5469072587e+04  -1.21e-01  7.58e-04    8.043918e+00  -1.630616e+01   1.584387e+02

After 6 iterations the fit converged.
final sum of squares of residuals : 15469.1
rel. change during last iteration : -1.20548e-06

degrees of freedom    (FIT_NDF)                        : 9
rms of residuals      (FIT_STDFIT) = sqrt(WSSR/ndf)    : 41.4582
variance of residuals (reduced chisquare) = WSSR/ndf   : 1718.79

Final set of parameters            Asymptotic Standard Error
=======================            ==========================
a1              = 8.04392          +/- 0.5119       (6.363%)
b1              = -16.3062         +/- 1.037        (6.358%)
c1              = 158.439          +/- 29.16        (18.41%)

correlation matrix of the fit parameters:
                a1     b1     c1     
a1              1.000 
b1             -1.000  1.000 
c1              0.783 -0.797  1.000 


*******************************************************************************
Sun Dec  7 01:36:32 2025


FIT:    data read from 'data.txt' index 1 using 1:2
        format = x:z
        #datapoints = 12
        residuals are weighted equally (unit weight)

function used for fitting: f2(x)
	f2(x) = a2*x**1.1 + b2*x + c2
fitted parameters initialized with current variable values

iter      chisq       delta/lim  lambda   a2            b2            c2           
   0 4.6314508005e+07   0.00e+00  7.67e+02    1.000000e+00   1.000000e+00   1.000000e+00
   6 1.9007372378e+04  -1.02e-01  7.67e-04    8.130987e+00  -1.649977e+01   1.585803e+02

After 6 iterations the fit converged.
final sum of squares of residuals : 19007.4
rel. change during last iteration : -1.02347e-06

degrees of freedom    (FIT_NDF)                        : 9
rms of residuals      (FIT_STDFIT) = sqrt(WSSR/ndf)    : 45.9557
variance of residuals (reduced chisquare) = WSSR/ndf   : 2111.93

Final set of parameters            Asymptotic Standard Error
=======================            ==========================
a2              = 8.13099          +/- 0.5667       (6.97%)
b2              = -16.4998         +/- 1.148        (6.961%)
c2              = 158.58           +/- 32.06        (20.22%)

correlation matrix of the fit parameters:
                a2     b2     c2     
a2              1.000 
b2             -1.000  1.000 
c2              0.781 -0.794  1.000 


*******************************************************************************
Sun Dec  7 01:36:39 2025


FIT:    data read from 'data.txt' index 0 using 1:2
        format = x:z
        #datapoints = 12
        residuals are weighted equally (unit weight)

function used for fitting: f1(x)
	f1(x) = a1*x**1.5 + b1*x + c1
fitted parameters initialized with current variable values

iter      chisq       delta/lim  lambda   a1            b1            c1           
   0 4.1614616633e+09   0.00e+00  1.03e+04    1.000000e+00   1.000000e+00   1.000000e+00
   7 1.4400394092e+04  -1.34e-01  1.03e-03    1.096100e-01  -3.640021e+00   7.763422e+01

After 7 iterations the fit converged.
final sum of squares of residuals : 14400.4
rel. change during last iteration : -1.33561e-06

degrees of freedom    (FIT_NDF)                        : 9
rms of residuals      (FIT_STDFIT) = sqrt(WSSR/ndf)    : 40.0005
variance of residuals (reduced chisquare) = WSSR/ndf   : 1600.04

Final set of parameters            Asymptotic Standard Error
=======================            ==========================
a1              = 0.10961          +/- 0.006721     (6.132%)
b1              = -3.64002         +/- 0.2239       (6.152%)
c1              = 77.6342          +/- 24.43        (31.47%)

correlation matrix of the fit parameters:
                a1     b1     c1     
a1              1.000 
b1             -0.991  1.000 
c1              0.698 -0.763  1.000 


*******************************************************************************
Sun Dec  7 01:36:39 2025


FIT:    data read from 'data.txt' index 1 using 1:2
        format = x:z
        #datapoints = 12
        residuals are weighted equally (unit weight)

function used for fitting: f2(x)
	f2(x) = a2*x**1.5 + b2*x + c2
fitted parameters initialized with current variable values

iter      chisq       delta/lim  lambda   a2            b2            c2           
   0 4.2951516043e+09   0.00e+00  1.05e+04    1.000000e+00   1.000000e+00   1.000000e+00
   7 1.8557555383e+04  -1.10e-01  1.05e-03    1.105921e-01  -3.691634e+00   7.707217e+01

After 7 iterations the fit converged.
final sum of squares of residuals : 18557.6
rel. change during last iteration : -1.09535e-06

degrees of freedom    (FIT_NDF)                        : 9
rms of residuals      (FIT_STDFIT) = sqrt(WSSR/ndf)    : 45.4087
variance of residuals (reduced chisquare) = WSSR/ndf   : 2061.95

Final set of parameters            Asymptotic Standard Error
=======================            ==========================
a2              = 0.110592         +/- 0.007613     (6.883%)
b2              = -3.69163         +/- 0.2542       (6.887%)
c2              = 77.0722          +/- 27.52        (35.7%)

correlation matrix of the fit parameters:
                a2     b2     c2     
a2              1.000 
b2             -0.992  1.000 
c2              0.695 -0.759  1.000 


*******************************************************************************
Sun Dec  7 01:36:59 2025


FIT:    data read from 'data.txt' index 0 using 1:2
        format = x:z
        #datapoints = 12
        residuals are weighted equally (unit weight)

function used for fitting: f1(x)
	f1(x) = a1*x**1.6 + b1*x + c1
fitted parameters initialized with current variable values

iter      chisq       delta/lim  lambda   a1            b1            c1           
   0 1.5729132714e+10   0.00e+00  2.05e+04    1.000000e+00   1.000000e+00   1.000000e+00
   8 1.4765090152e+04  -1.33e-07  2.05e-04    4.680962e-02  -3.114059e+00   6.444474e+01

After 8 iterations the fit converged.
final sum of squares of residuals : 14765.1
rel. change during last iteration : -1.32546e-12

degrees of freedom    (FIT_NDF)                        : 9
rms of residuals      (FIT_STDFIT) = sqrt(WSSR/ndf)    : 40.5039
variance of residuals (reduced chisquare) = WSSR/ndf   : 1640.57

Final set of parameters            Asymptotic Standard Error
=======================            ==========================
a1              = 0.0468096        +/- 0.002908     (6.212%)
b1              = -3.11406         +/- 0.1945       (6.246%)
c1              = 64.4447          +/- 24.18        (37.52%)

correlation matrix of the fit parameters:
                a1     b1     c1     
a1              1.000 
b1             -0.988  1.000 
c1              0.681 -0.757  1.000 


*******************************************************************************
Sun Dec  7 01:36:59 2025


FIT:    data read from 'data.txt' index 1 using 1:2
        format = x:z
        #datapoints = 12
        residuals are weighted equally (unit weight)

function used for fitting: f2(x)
	f2(x) = a2*x**1.6 + b2*x + c2
fitted parameters initialized with current variable values

iter      chisq       delta/lim  lambda   a2            b2            c2           
   0 1.6262725210e+10   0.00e+00  2.08e+04    1.000000e+00   1.000000e+00   1.000000e+00
   8 1.9064323143e+04  -1.11e-07  2.08e-04    4.720489e-02  -3.159796e+00   6.378958e+01

After 8 iterations the fit converged.
final sum of squares of residuals : 19064.3
rel. change during last iteration : -1.10832e-12

degrees of freedom    (FIT_NDF)                        : 9
rms of residuals      (FIT_STDFIT) = sqrt(WSSR/ndf)    : 46.0245
variance of residuals (reduced chisquare) = WSSR/ndf   : 2118.26

Final set of parameters            Asymptotic Standard Error
=======================            ==========================
a2              = 0.0472049        +/- 0.003295     (6.981%)
b2              = -3.1598          +/- 0.2211       (6.997%)
c2              = 63.7896          +/- 27.26        (42.74%)

correlation matrix of the fit parameters:
                a2     b2     c2     
a2              1.000 
b2             -0.989  1.000 
c2              0.677 -0.753  1.000 


*******************************************************************************
Sun Dec  7 01:42:15 2025


FIT:    data read from 'data.txt' index 0 using 1:2
        format = x:z
        #datapoints = 12
        residuals are weighted equally (unit weight)

function used for fitting: f1(x)
	f1(x) = a1 * (x/x0)**p1 + b1*(x/x0) + c1
fitted parameters initialized with current variable values



*******************************************************************************
Sun Dec  7 01:42:15 2025


FIT:    data read from 'data.txt' index 1 using 1:2
        format = x:z
        #datapoints = 12
        residuals are weighted equally (unit weight)

function used for fitting: f2(x)
	f2(x) = a2 * (x/x0)**p2 + b2*(x/x0) + c2
fitted parameters initialized with current variable values



*******************************************************************************
Sun Dec  7 01:45:10 2025


FIT:    data read from 'data.txt' index 0 using 1:2
        format = x:z
        #datapoints = 12
        residuals are weighted equally (unit weight)

function used for fitting: f1(x)
	f1(x) = a1 * (x/x0)**1.6 + b1*(x/x0) + c1
fitted parameters initialized with current variable values

iter      chisq       delta/lim  lambda   a1            b1            c1           
   0 9.7596275240e+05   0.00e+00  7.46e-01    1.000000e+00   1.000000e+00   1.000000e+00
   4 1.4765090152e+04  -5.86e-01  7.46e-05    2.953487e+03  -3.114059e+03   6.444473e+01

After 4 iterations the fit converged.
final sum of squares of residuals : 14765.1
rel. change during last iteration : -5.8557e-06

degrees of freedom    (FIT_NDF)                        : 9
rms of residuals      (FIT_STDFIT) = sqrt(WSSR/ndf)    : 40.5039
variance of residuals (reduced chisquare) = WSSR/ndf   : 1640.57

Final set of parameters            Asymptotic Standard Error
=======================            ==========================
a1              = 2953.49          +/- 183.5        (6.212%)
b1              = -3114.06         +/- 194.5        (6.246%)
c1              = 64.4447          +/- 24.18        (37.52%)

correlation matrix of the fit parameters:
                a1     b1     c1     
a1              1.000 
b1             -0.988  1.000 
c1              0.681 -0.757  1.000 


*******************************************************************************
Sun Dec  7 01:45:10 2025


FIT:    data read from 'data.txt' index 1 using 1:2
        format = x:z
        #datapoints = 12
        residuals are weighted equally (unit weight)

function used for fitting: f2(x)
	f2(x) = a2 * (x/x0)**1.6 + b2*(x/x0) + c2
fitted parameters initialized with current variable values

iter      chisq       delta/lim  lambda   a2            b2            c2           
   0 1.0133075881e+06   0.00e+00  7.50e-01    1.000000e+00   1.000000e+00   1.000000e+00
   4 1.9064323143e+04  -4.81e-01  7.50e-05    2.978427e+03  -3.159796e+03   6.378958e+01

After 4 iterations the fit converged.
final sum of squares of residuals : 19064.3
rel. change during last iteration : -4.80555e-06

degrees of freedom    (FIT_NDF)                        : 9
rms of residuals      (FIT_STDFIT) = sqrt(WSSR/ndf)    : 46.0245
variance of residuals (reduced chisquare) = WSSR/ndf   : 2118.26

Final set of parameters            Asymptotic Standard Error
=======================            ==========================
a2              = 2978.43          +/- 207.9        (6.981%)
b2              = -3159.8          +/- 221.1        (6.997%)
c2              = 63.7896          +/- 27.26        (42.74%)

correlation matrix of the fit parameters:
                a2     b2     c2     
a2              1.000 
b2             -0.989  1.000 
c2              0.677 -0.753  1.000 


*******************************************************************************
Sun Dec  7 01:45:24 2025


FIT:    data read from 'data.txt' index 0 using 1:2
        format = x:z
        #datapoints = 12
        residuals are weighted equally (unit weight)

function used for fitting: f1(x)
	f1(x) = a1 * (x/x0)**1.6 + b1*(x/x0) + c1
fitted parameters initialized with current variable values

iter      chisq       delta/lim  lambda   a1            b1            c1           
   0 9.7364521127e+05   0.00e+00  6.12e-01    1.000000e+00   1.000000e+00   1.000000e+00
   5 1.4765090152e+04  -8.66e-07  6.12e-06    8.953298e+03  -6.228117e+03   6.444474e+01

After 5 iterations the fit converged.
final sum of squares of residuals : 14765.1
rel. change during last iteration : -8.66445e-12

degrees of freedom    (FIT_NDF)                        : 9
rms of residuals      (FIT_STDFIT) = sqrt(WSSR/ndf)    : 40.5039
variance of residuals (reduced chisquare) = WSSR/ndf   : 1640.57

Final set of parameters            Asymptotic Standard Error
=======================            ==========================
a1              = 8953.3           +/- 556.2        (6.212%)
b1              = -6228.12         +/- 389          (6.246%)
c1              = 64.4447          +/- 24.18        (37.52%)

correlation matrix of the fit parameters:
                a1     b1     c1     
a1              1.000 
b1             -0.988  1.000 
c1              0.681 -0.757  1.000 


*******************************************************************************
Sun Dec  7 01:45:24 2025


FIT:    data read from 'data.txt' index 1 using 1:2
        format = x:z
        #datapoints = 12
        residuals are weighted equally (unit weight)

function used for fitting: f2(x)
	f2(x) = a2 * (x/x0)**1.6 + b2*(x/x0) + c2
fitted parameters initialized with current variable values

iter      chisq       delta/lim  lambda   a2            b2            c2           
   0 1.0108661813e+06   0.00e+00  6.13e-01    1.000000e+00   1.000000e+00   1.000000e+00
   5 1.9064323143e+04  -6.86e-07  6.13e-06    9.028903e+03  -6.319592e+03   6.378958e+01

After 5 iterations the fit converged.
final sum of squares of residuals : 19064.3
rel. change during last iteration : -6.85792e-12

degrees of freedom    (FIT_NDF)                        : 9
rms of residuals      (FIT_STDFIT) = sqrt(WSSR/ndf)    : 46.0245
variance of residuals (reduced chisquare) = WSSR/ndf   : 2118.26

Final set of parameters            Asymptotic Standard Error
=======================            ==========================
a2              = 9028.9           +/- 630.3        (6.981%)
b2              = -6319.59         +/- 442.2        (6.997%)
c2              = 63.7896          +/- 27.26        (42.74%)

correlation matrix of the fit parameters:
                a2     b2     c2     
a2              1.000 
b2             -0.989  1.000 
c2              0.677 -0.753  1.000 


*******************************************************************************
Sun Dec  7 01:45:34 2025


FIT:    data read from 'data.txt' index 0 using 1:2
        format = x:z
        #datapoints = 12
        residuals are weighted equally (unit weight)

function used for fitting: f1(x)
	f1(x) = a1 * (x/x0)**1.6 + b1*(x/x0) + c1
fitted parameters initialized with current variable values

iter      chisq       delta/lim  lambda   a1            b1            c1           
   0 9.7251233546e+05   0.00e+00  5.82e-01    1.000000e+00   1.000000e+00   1.000000e+00
   5 1.4765090152e+04  -7.18e-02  5.82e-06    3.878708e+04  -1.557029e+04   6.444474e+01

After 5 iterations the fit converged.
final sum of squares of residuals : 14765.1
rel. change during last iteration : -7.1831e-07

degrees of freedom    (FIT_NDF)                        : 9
rms of residuals      (FIT_STDFIT) = sqrt(WSSR/ndf)    : 40.5039
variance of residuals (reduced chisquare) = WSSR/ndf   : 1640.57

Final set of parameters            Asymptotic Standard Error
=======================            ==========================
a1              = 38787.1          +/- 2409         (6.212%)
b1              = -15570.3         +/- 972.5        (6.246%)
c1              = 64.4447          +/- 24.18        (37.52%)

correlation matrix of the fit parameters:
                a1     b1     c1     
a1              1.000 
b1             -0.988  1.000 
c1              0.681 -0.757  1.000 


*******************************************************************************
Sun Dec  7 01:45:34 2025


FIT:    data read from 'data.txt' index 1 using 1:2
        format = x:z
        #datapoints = 12
        residuals are weighted equally (unit weight)

function used for fitting: f2(x)
	f2(x) = a2 * (x/x0)**1.6 + b2*(x/x0) + c2
fitted parameters initialized with current variable values

iter      chisq       delta/lim  lambda   a2            b2            c2           
   0 1.0096750928e+06   0.00e+00  5.82e-01    1.000000e+00   1.000000e+00   1.000000e+00
   5 1.9064323143e+04  -5.60e-02  5.82e-06    3.911461e+04  -1.579898e+04   6.378958e+01

After 5 iterations the fit converged.
final sum of squares of residuals : 19064.3
rel. change during last iteration : -5.60361e-07

degrees of freedom    (FIT_NDF)                        : 9
rms of residuals      (FIT_STDFIT) = sqrt(WSSR/ndf)    : 46.0245
variance of residuals (reduced chisquare) = WSSR/ndf   : 2118.26

Final set of parameters            Asymptotic Standard Error
=======================            ==========================
a2              = 39114.6          +/- 2731         (6.981%)
b2              = -15799           +/- 1105         (6.997%)
c2              = 63.7896          +/- 27.26        (42.74%)

correlation matrix of the fit parameters:
                a2     b2     c2     
a2              1.000 
b2             -0.989  1.000 
c2              0.677 -0.753  1.000 


*******************************************************************************
Sun Dec  7 01:45:44 2025


FIT:    data read from 'data.txt' index 0 using 1:2
        format = x:z
        #datapoints = 12
        residuals are weighted equally (unit weight)

function used for fitting: f1(x)
	f1(x) = a1 * (x/x0)**1.6 + b1*(x/x0) + c1
fitted parameters initialized with current variable values

iter      chisq       delta/lim  lambda   a1            b1            c1           
   0 9.7194091959e+05   0.00e+00  5.77e-01    1.000000e+00   1.000000e+00   1.000000e+00
   7 1.4765090152e+04  -1.65e-01  5.77e-08    4.680961e+06  -3.114059e+05   6.444473e+01

After 7 iterations the fit converged.
final sum of squares of residuals : 14765.1
rel. change during last iteration : -1.65103e-06

degrees of freedom    (FIT_NDF)                        : 9
rms of residuals      (FIT_STDFIT) = sqrt(WSSR/ndf)    : 40.5039
variance of residuals (reduced chisquare) = WSSR/ndf   : 1640.57

Final set of parameters            Asymptotic Standard Error
=======================            ==========================
a1              = 4.68096e+06      +/- 2.908e+05    (6.212%)
b1              = -311406          +/- 1.945e+04    (6.246%)
c1              = 64.4447          +/- 24.18        (37.52%)

correlation matrix of the fit parameters:
                a1     b1     c1     
a1              1.000 
b1             -0.988  1.000 
c1              0.681 -0.757  1.000 


*******************************************************************************
Sun Dec  7 01:45:44 2025


FIT:    data read from 'data.txt' index 1 using 1:2
        format = x:z
        #datapoints = 12
        residuals are weighted equally (unit weight)

function used for fitting: f2(x)
	f2(x) = a2 * (x/x0)**1.6 + b2*(x/x0) + c2
fitted parameters initialized with current variable values

iter      chisq       delta/lim  lambda   a2            b2            c2           
   0 1.0090760019e+06   0.00e+00  5.77e-01    1.000000e+00   1.000000e+00   1.000000e+00
   7 1.9064323143e+04  -1.28e-01  5.77e-08    4.720489e+06  -3.159796e+05   6.378958e+01

After 7 iterations the fit converged.
final sum of squares of residuals : 19064.3
rel. change during last iteration : -1.28133e-06

degrees of freedom    (FIT_NDF)                        : 9
rms of residuals      (FIT_STDFIT) = sqrt(WSSR/ndf)    : 46.0245
variance of residuals (reduced chisquare) = WSSR/ndf   : 2118.26

Final set of parameters            Asymptotic Standard Error
=======================            ==========================
a2              = 4.72049e+06      +/- 3.295e+05    (6.981%)
b2              = -315980          +/- 2.211e+04    (6.997%)
c2              = 63.7896          +/- 27.26        (42.74%)

correlation matrix of the fit parameters:
                a2     b2     c2     
a2              1.000 
b2             -0.989  1.000 
c2              0.677 -0.753  1.000 


*******************************************************************************
Sun Dec  7 01:46:00 2025


FIT:    data read from 'data.txt' index 0 using 1:2
        format = x:z
        #datapoints = 12
        residuals are weighted equally (unit weight)

function used for fitting: f1(x)
	f1(x) = a1 * (x/x0)**1.6 + b1*(x/x0) + c1
fitted parameters initialized with current variable values

iter      chisq       delta/lim  lambda   a1            b1            c1           
   0 9.7596275240e+05   0.00e+00  7.46e-01    1.000000e+00   1.000000e+00   1.000000e+00
   4 1.4765090152e+04  -5.86e-01  7.46e-05    2.953487e+03  -3.114059e+03   6.444473e+01

After 4 iterations the fit converged.
final sum of squares of residuals : 14765.1
rel. change during last iteration : -5.8557e-06

degrees of freedom    (FIT_NDF)                        : 9
rms of residuals      (FIT_STDFIT) = sqrt(WSSR/ndf)    : 40.5039
variance of residuals (reduced chisquare) = WSSR/ndf   : 1640.57

Final set of parameters            Asymptotic Standard Error
=======================            ==========================
a1              = 2953.49          +/- 183.5        (6.212%)
b1              = -3114.06         +/- 194.5        (6.246%)
c1              = 64.4447          +/- 24.18        (37.52%)

correlation matrix of the fit parameters:
                a1     b1     c1     
a1              1.000 
b1             -0.988  1.000 
c1              0.681 -0.757  1.000 


*******************************************************************************
Sun Dec  7 01:46:00 2025


FIT:    data read from 'data.txt' index 1 using 1:2
        format = x:z
        #datapoints = 12
        residuals are weighted equally (unit weight)

function used for fitting: f2(x)
	f2(x) = a2 * (x/x0)**1.6 + b2*(x/x0) + c2
fitted parameters initialized with current variable values

iter      chisq       delta/lim  lambda   a2            b2            c2           
   0 1.0133075881e+06   0.00e+00  7.50e-01    1.000000e+00   1.000000e+00   1.000000e+00
   4 1.9064323143e+04  -4.81e-01  7.50e-05    2.978427e+03  -3.159796e+03   6.378958e+01

After 4 iterations the fit converged.
final sum of squares of residuals : 19064.3
rel. change during last iteration : -4.80555e-06

degrees of freedom    (FIT_NDF)                        : 9
rms of residuals      (FIT_STDFIT) = sqrt(WSSR/ndf)    : 46.0245
variance of residuals (reduced chisquare) = WSSR/ndf   : 2118.26

Final set of parameters            Asymptotic Standard Error
=======================            ==========================
a2              = 2978.43          +/- 207.9        (6.981%)
b2              = -3159.8          +/- 221.1        (6.997%)
c2              = 63.7896          +/- 27.26        (42.74%)

correlation matrix of the fit parameters:
                a2     b2     c2     
a2              1.000 
b2             -0.989  1.000 
c2              0.677 -0.753  1.000 


*******************************************************************************
Sun Dec  7 01:46:29 2025


FIT:    data read from 'data.txt' index 0 using 1:2
        format = x:z
        #datapoints = 12
        residuals are weighted equally (unit weight)

function used for fitting: f1(x)
	f1(x) = a1 * (x/x0)**1.6 + b1*(x/x0) + c1
fitted parameters initialized with current variable values

iter      chisq       delta/lim  lambda   a1            b1            c1           
   0 9.7191654562e+05   0.00e+00  5.77e-01    1.000000e+00   1.000000e+00   1.000000e+00
BREAK: Singular matrix in Invert_RtR

*******************************************************************************
Sun Dec  7 01:46:29 2025


FIT:    data read from 'data.txt' index 1 using 1:2
        format = x:z
        #datapoints = 12
        residuals are weighted equally (unit weight)

function used for fitting: f2(x)
	f2(x) = a2 * (x/x0)**1.6 + b2*(x/x0) + c2
fitted parameters initialized with current variable values

iter      chisq       delta/lim  lambda   a2            b2            c2           
   0 1.0090505313e+06   0.00e+00  5.77e-01    1.000000e+00   1.000000e+00   1.000000e+00
BREAK: Singular matrix in Invert_RtR

*******************************************************************************
Sun Dec  7 01:46:36 2025


FIT:    data read from 'data.txt' index 0 using 1:2
        format = x:z
        #datapoints = 12
        residuals are weighted equally (unit weight)

function used for fitting: f1(x)
	f1(x) = a1 * (x/x0)**1.6 + b1*(x/x0) + c1
fitted parameters initialized with current variable values

iter      chisq       delta/lim  lambda   a1            b1            c1           
   0 3.2329760038e+06   0.00e+00  1.71e+02    1.000000e+00   1.000000e+00   1.000000e+00
   6 1.4765090152e+04  -2.90e-08  1.71e-04    5.649149e+00  -6.228117e+01   6.444474e+01

After 6 iterations the fit converged.
final sum of squares of residuals : 14765.1
rel. change during last iteration : -2.90371e-13

degrees of freedom    (FIT_NDF)                        : 9
rms of residuals      (FIT_STDFIT) = sqrt(WSSR/ndf)    : 40.5039
variance of residuals (reduced chisquare) = WSSR/ndf   : 1640.57

Final set of parameters            Asymptotic Standard Error
=======================            ==========================
a1              = 5.64915          +/- 0.3509       (6.212%)
b1              = -62.2812         +/- 3.89         (6.246%)
c1              = 64.4447          +/- 24.18        (37.52%)

correlation matrix of the fit parameters:
                a1     b1     c1     
a1              1.000 
b1             -0.988  1.000 
c1              0.681 -0.757  1.000 


*******************************************************************************
Sun Dec  7 01:46:36 2025


FIT:    data read from 'data.txt' index 1 using 1:2
        format = x:z
        #datapoints = 12
        residuals are weighted equally (unit weight)

function used for fitting: f2(x)
	f2(x) = a2 * (x/x0)**1.6 + b2*(x/x0) + c2
fitted parameters initialized with current variable values

iter      chisq       delta/lim  lambda   a2            b2            c2           
   0 3.3727148642e+06   0.00e+00  1.74e+02    1.000000e+00   1.000000e+00   1.000000e+00
   6 1.9064323143e+04  -2.46e-08  1.74e-04    5.696852e+00  -6.319592e+01   6.378958e+01

After 6 iterations the fit converged.
final sum of squares of residuals : 19064.3
rel. change during last iteration : -2.46166e-13

degrees of freedom    (FIT_NDF)                        : 9
rms of residuals      (FIT_STDFIT) = sqrt(WSSR/ndf)    : 46.0245
variance of residuals (reduced chisquare) = WSSR/ndf   : 2118.26

Final set of parameters            Asymptotic Standard Error
=======================            ==========================
a2              = 5.69685          +/- 0.3977       (6.981%)
b2              = -63.1959         +/- 4.422        (6.997%)
c2              = 63.7896          +/- 27.26        (42.74%)

correlation matrix of the fit parameters:
                a2     b2     c2     
a2              1.000 
b2             -0.989  1.000 
c2              0.677 -0.753  1.000 


*******************************************************************************
Sun Dec  7 01:46:42 2025


FIT:    data read from 'data.txt' index 0 using 1:2
        format = x:z
        #datapoints = 12
        residuals are weighted equally (unit weight)

function used for fitting: f1(x)
	f1(x) = a1 * (x/x0)**1.6 + b1*(x/x0) + c1
fitted parameters initialized with current variable values

iter      chisq       delta/lim  lambda   a1            b1            c1           
   0 1.0071761040e+06   0.00e+00  4.63e+00    1.000000e+00   1.000000e+00   1.000000e+00
   4 1.4765090152e+04  -6.46e-01  4.63e-04    2.248967e+02  -6.228117e+02   6.444473e+01

After 4 iterations the fit converged.
final sum of squares of residuals : 14765.1
rel. change during last iteration : -6.45614e-06

degrees of freedom    (FIT_NDF)                        : 9
rms of residuals      (FIT_STDFIT) = sqrt(WSSR/ndf)    : 40.5039
variance of residuals (reduced chisquare) = WSSR/ndf   : 1640.57

Final set of parameters            Asymptotic Standard Error
=======================            ==========================
a1              = 224.897          +/- 13.97        (6.212%)
b1              = -622.812         +/- 38.9         (6.246%)
c1              = 64.4447          +/- 24.18        (37.52%)

correlation matrix of the fit parameters:
                a1     b1     c1     
a1              1.000 
b1             -0.988  1.000 
c1              0.681 -0.757  1.000 


*******************************************************************************
Sun Dec  7 01:46:42 2025


FIT:    data read from 'data.txt' index 1 using 1:2
        format = x:z
        #datapoints = 12
        residuals are weighted equally (unit weight)

function used for fitting: f2(x)
	f2(x) = a2 * (x/x0)**1.6 + b2*(x/x0) + c2
fitted parameters initialized with current variable values

iter      chisq       delta/lim  lambda   a2            b2            c2           
   0 1.0462757210e+06   0.00e+00  4.71e+00    1.000000e+00   1.000000e+00   1.000000e+00
   4 1.9064323143e+04  -5.70e-01  4.71e-04    2.267958e+02  -6.319592e+02   6.378958e+01

After 4 iterations the fit converged.
final sum of squares of residuals : 19064.3
rel. change during last iteration : -5.69687e-06

degrees of freedom    (FIT_NDF)                        : 9
rms of residuals      (FIT_STDFIT) = sqrt(WSSR/ndf)    : 46.0245
variance of residuals (reduced chisquare) = WSSR/ndf   : 2118.26

Final set of parameters            Asymptotic Standard Error
=======================            ==========================
a2              = 226.796          +/- 15.83        (6.981%)
b2              = -631.959         +/- 44.22        (6.997%)
c2              = 63.7896          +/- 27.26        (42.74%)

correlation matrix of the fit parameters:
                a2     b2     c2     
a2              1.000 
b2             -0.989  1.000 
c2              0.677 -0.753  1.000 


*******************************************************************************
Sun Dec  7 01:46:54 2025


FIT:    data read from 'data.txt' index 0 using 1:2
        format = x:z
        #datapoints = 12
        residuals are weighted equally (unit weight)

function used for fitting: f1(x)
	f1(x) = a1 * (x/x0)**1.6 + b1*(x/x0) + c1
fitted parameters initialized with current variable values

iter      chisq       delta/lim  lambda   a1            b1            c1           
   0 9.7204715177e+05   0.00e+00  5.78e-01    1.000000e+00   1.000000e+00   1.000000e+00
   6 1.4765090152e+04  -2.18e-02  5.78e-07    3.564372e+05  -6.228117e+04   6.444474e+01

After 6 iterations the fit converged.
final sum of squares of residuals : 14765.1
rel. change during last iteration : -2.18003e-07

degrees of freedom    (FIT_NDF)                        : 9
rms of residuals      (FIT_STDFIT) = sqrt(WSSR/ndf)    : 40.5039
variance of residuals (reduced chisquare) = WSSR/ndf   : 1640.57

Final set of parameters            Asymptotic Standard Error
=======================            ==========================
a1              = 356437           +/- 2.214e+04    (6.212%)
b1              = -62281.2         +/- 3890         (6.246%)
c1              = 64.4447          +/- 24.18        (37.52%)

correlation matrix of the fit parameters:
                a1     b1     c1     
a1              1.000 
b1             -0.988  1.000 
c1              0.681 -0.757  1.000 


*******************************************************************************
Sun Dec  7 01:46:54 2025


FIT:    data read from 'data.txt' index 1 using 1:2
        format = x:z
        #datapoints = 12
        residuals are weighted equally (unit weight)

function used for fitting: f2(x)
	f2(x) = a2 * (x/x0)**1.6 + b2*(x/x0) + c2
fitted parameters initialized with current variable values

iter      chisq       delta/lim  lambda   a2            b2            c2           
   0 1.0091871728e+06   0.00e+00  5.78e-01    1.000000e+00   1.000000e+00   1.000000e+00
   6 1.9064323143e+04  -1.69e-02  5.78e-07    3.594471e+05  -6.319592e+04   6.378958e+01

After 6 iterations the fit converged.
final sum of squares of residuals : 19064.3
rel. change during last iteration : -1.69179e-07

degrees of freedom    (FIT_NDF)                        : 9
rms of residuals      (FIT_STDFIT) = sqrt(WSSR/ndf)    : 46.0245
variance of residuals (reduced chisquare) = WSSR/ndf   : 2118.26

Final set of parameters            Asymptotic Standard Error
=======================            ==========================
a2              = 359447           +/- 2.509e+04    (6.981%)
b2              = -63195.9         +/- 4422         (6.997%)
c2              = 63.7896          +/- 27.26        (42.74%)

correlation matrix of the fit parameters:
                a2     b2     c2     
a2              1.000 
b2             -0.989  1.000 
c2              0.677 -0.753  1.000 


*******************************************************************************
Sun Dec  7 01:47:01 2025


FIT:    data read from 'data.txt' index 0 using 1:2
        format = x:z
        #datapoints = 12
        residuals are weighted equally (unit weight)

function used for fitting: f1(x)
	f1(x) = a1 * (x/x0)**1.6 + b1*(x/x0) + c1
fitted parameters initialized with current variable values

iter      chisq       delta/lim  lambda   a1            b1            c1           
   0 9.7191771943e+05   0.00e+00  5.77e-01    1.000000e+00   1.000000e+00   1.000000e+00
   9 1.4765090152e+04  -6.64e-01  5.77e-10    5.649149e+08  -6.228117e+06   6.444473e+01

After 9 iterations the fit converged.
final sum of squares of residuals : 14765.1
rel. change during last iteration : -6.63972e-06

degrees of freedom    (FIT_NDF)                        : 9
rms of residuals      (FIT_STDFIT) = sqrt(WSSR/ndf)    : 40.5039
variance of residuals (reduced chisquare) = WSSR/ndf   : 1640.57

Final set of parameters            Asymptotic Standard Error
=======================            ==========================
a1              = 5.64915e+08      +/- 3.509e+07    (6.212%)
b1              = -6.22812e+06     +/- 3.89e+05     (6.246%)
c1              = 64.4447          +/- 24.18        (37.52%)

correlation matrix of the fit parameters:
                a1     b1     c1     
a1              1.000 
b1             -0.988  1.000 
c1              0.681 -0.757  1.000 


*******************************************************************************
Sun Dec  7 01:47:01 2025


FIT:    data read from 'data.txt' index 1 using 1:2
        format = x:z
        #datapoints = 12
        residuals are weighted equally (unit weight)

function used for fitting: f2(x)
	f2(x) = a2 * (x/x0)**1.6 + b2*(x/x0) + c2
fitted parameters initialized with current variable values

iter      chisq       delta/lim  lambda   a2            b2            c2           
   0 1.0090517571e+06   0.00e+00  5.77e-01    1.000000e+00   1.000000e+00   1.000000e+00
   9 1.9064323143e+04  -5.16e-01  5.77e-10    5.696852e+08  -6.319592e+06   6.378958e+01

After 9 iterations the fit converged.
final sum of squares of residuals : 19064.3
rel. change during last iteration : -5.15611e-06

degrees of freedom    (FIT_NDF)                        : 9
rms of residuals      (FIT_STDFIT) = sqrt(WSSR/ndf)    : 46.0245
variance of residuals (reduced chisquare) = WSSR/ndf   : 2118.26

Final set of parameters            Asymptotic Standard Error
=======================            ==========================
a2              = 5.69685e+08      +/- 3.977e+07    (6.981%)
b2              = -6.31959e+06     +/- 4.422e+05    (6.997%)
c2              = 63.7896          +/- 27.26        (42.74%)

correlation matrix of the fit parameters:
                a2     b2     c2     
a2              1.000 
b2             -0.989  1.000 
c2              0.677 -0.753  1.000 


*******************************************************************************
Sun Dec  7 01:47:08 2025


FIT:    data read from 'data.txt' index 0 using 1:2
        format = x:z
        #datapoints = 12
        residuals are weighted equally (unit weight)

function used for fitting: f1(x)
	f1(x) = a1 * (x/x0)**1.6 + b1*(x/x0) + c1
fitted parameters initialized with current variable values

iter      chisq       delta/lim  lambda   a1            b1            c1           
   0 9.7191655716e+05   0.00e+00  5.77e-01    1.000000e+00   1.000000e+00   1.000000e+00
   3 4.4066075114e+05  -4.68e-04  5.77e-04    1.010042e+00  -4.579758e+00  -2.094075e+02

After 3 iterations the fit converged.
final sum of squares of residuals : 440661
rel. change during last iteration : -4.68329e-09

degrees of freedom    (FIT_NDF)                        : 9
rms of residuals      (FIT_STDFIT) = sqrt(WSSR/ndf)    : 221.274
variance of residuals (reduced chisquare) = WSSR/ndf   : 48962.3

Final set of parameters            Asymptotic Standard Error
=======================            ==========================
a1              = 1.01004          +/- 3.134e+11    (3.103e+13%)
b1              = -4.57976         +/- 2.201e+08    (4.805e+09%)
c1              = -209.407         +/- 137.3        (65.58%)

correlation matrix of the fit parameters:
                a1     b1     c1     
a1              1.000 
b1             -0.989  1.000 
c1              0.709 -0.780  1.000 


*******************************************************************************
Sun Dec  7 01:47:08 2025


FIT:    data read from 'data.txt' index 1 using 1:2
        format = x:z
        #datapoints = 12
        residuals are weighted equally (unit weight)

function used for fitting: f2(x)
	f2(x) = a2 * (x/x0)**1.6 + b2*(x/x0) + c2
fitted parameters initialized with current variable values

iter      chisq       delta/lim  lambda   a2            b2            c2           
   0 1.0090505434e+06   0.00e+00  5.77e-01    1.000000e+00   1.000000e+00   1.000000e+00
   3 4.5535627078e+05  -1.02e-03  5.77e-04    1.008593e+00  -7.418827e+00  -2.138050e+02

After 3 iterations the fit converged.
final sum of squares of residuals : 455356
rel. change during last iteration : -1.02379e-08

degrees of freedom    (FIT_NDF)                        : 9
rms of residuals      (FIT_STDFIT) = sqrt(WSSR/ndf)    : 224.934
variance of residuals (reduced chisquare) = WSSR/ndf   : 50595.1

Final set of parameters            Asymptotic Standard Error
=======================            ==========================
a2              = 1.00859          +/- 3.046e+11    (3.02e+13%)
b2              = -7.41883         +/- 2.139e+08    (2.883e+09%)
c2              = -213.805         +/- 133.4        (62.39%)

correlation matrix of the fit parameters:
                a2     b2     c2     
a2              1.000 
b2             -0.988  1.000 
c2              0.678 -0.754  1.000 


*******************************************************************************
Sun Dec  7 01:47:16 2025


FIT:    data read from 'data.txt' index 0 using 1:2
        format = x:z
        #datapoints = 12
        residuals are weighted equally (unit weight)

function used for fitting: f1(x)
	f1(x) = a1 * (x/x0)**1.6 + b1*(x/x0) + c1
fitted parameters initialized with current variable values

iter      chisq       delta/lim  lambda   a1            b1            c1           
   0 9.7191655716e+05   0.00e+00  5.77e-01    1.000000e+00   1.000000e+00   1.000000e+00
   3 4.4066075114e+05  -4.68e-04  5.77e-04    1.010042e+00  -4.579758e+00  -2.094075e+02

After 3 iterations the fit converged.
final sum of squares of residuals : 440661
rel. change during last iteration : -4.68329e-09

degrees of freedom    (FIT_NDF)                        : 9
rms of residuals      (FIT_STDFIT) = sqrt(WSSR/ndf)    : 221.274
variance of residuals (reduced chisquare) = WSSR/ndf   : 48962.3

Final set of parameters            Asymptotic Standard Error
=======================            ==========================
a1              = 1.01004          +/- 3.134e+11    (3.103e+13%)
b1              = -4.57976         +/- 2.201e+08    (4.805e+09%)
c1              = -209.407         +/- 137.3        (65.58%)

correlation matrix of the fit parameters:
                a1     b1     c1     
a1              1.000 
b1             -0.989  1.000 
c1              0.709 -0.780  1.000 


*******************************************************************************
Sun Dec  7 01:47:16 2025


FIT:    data read from 'data.txt' index 1 using 1:2
        format = x:z
        #datapoints = 12
        residuals are weighted equally (unit weight)

function used for fitting: f2(x)
	f2(x) = a2 * (x/x0)**1.6 + b2*(x/x0) + c2
fitted parameters initialized with current variable values

iter      chisq       delta/lim  lambda   a2            b2            c2           
   0 1.0090505434e+06   0.00e+00  5.77e-01    1.000000e+00   1.000000e+00   1.000000e+00
   3 4.5535627078e+05  -1.02e-03  5.77e-04    1.008593e+00  -7.418827e+00  -2.138050e+02

After 3 iterations the fit converged.
final sum of squares of residuals : 455356
rel. change during last iteration : -1.02379e-08

degrees of freedom    (FIT_NDF)                        : 9
rms of residuals      (FIT_STDFIT) = sqrt(WSSR/ndf)    : 224.934
variance of residuals (reduced chisquare) = WSSR/ndf   : 50595.1

Final set of parameters            Asymptotic Standard Error
=======================            ==========================
a2              = 1.00859          +/- 3.046e+11    (3.02e+13%)
b2              = -7.41883         +/- 2.139e+08    (2.883e+09%)
c2              = -213.805         +/- 133.4        (62.39%)

correlation matrix of the fit parameters:
                a2     b2     c2     
a2              1.000 
b2             -0.988  1.000 
c2              0.678 -0.754  1.000 


*******************************************************************************
Sun Dec  7 01:47:21 2025


FIT:    data read from 'data.txt' index 0 using 1:2
        format = x:z
        #datapoints = 12
        residuals are weighted equally (unit weight)

function used for fitting: f1(x)
	f1(x) = a1 * (x/x0)**1.6 + b1*(x/x0) + c1
fitted parameters initialized with current variable values

iter      chisq       delta/lim  lambda   a1            b1            c1           
   0 9.7191666223e+05   0.00e+00  5.77e-01    1.000000e+00   1.000000e+00   1.000000e+00
   3 4.4066055107e+05  -4.62e-02  5.77e-04    1.419271e+00  -5.478694e+01  -2.094063e+02

After 3 iterations the fit converged.
final sum of squares of residuals : 440661
rel. change during last iteration : -4.6151e-07

degrees of freedom    (FIT_NDF)                        : 9
rms of residuals      (FIT_STDFIT) = sqrt(WSSR/ndf)    : 221.274
variance of residuals (reduced chisquare) = WSSR/ndf   : 48962.3

Final set of parameters            Asymptotic Standard Error
=======================            ==========================
a1              = 1.41927          +/- 7.633e+09    (5.378e+11%)
b1              = -54.7869         +/- 2.126e+07    (3.88e+07%)
c1              = -209.406         +/- 132.1        (63.09%)

correlation matrix of the fit parameters:
                a1     b1     c1     
a1              1.000 
b1             -0.988  1.000 
c1              0.681 -0.757  1.000 


*******************************************************************************
Sun Dec  7 01:47:21 2025


FIT:    data read from 'data.txt' index 1 using 1:2
        format = x:z
        #datapoints = 12
        residuals are weighted equally (unit weight)

function used for fitting: f2(x)
	f2(x) = a2 * (x/x0)**1.6 + b2*(x/x0) + c2
fitted parameters initialized with current variable values

iter      chisq       delta/lim  lambda   a2            b2            c2           
   0 1.0090506531e+06   0.00e+00  5.77e-01    1.000000e+00   1.000000e+00   1.000000e+00
   3 4.5535581273e+05  -1.02e-01  5.77e-04    1.348442e+00  -8.317968e+01  -2.138031e+02

After 3 iterations the fit converged.
final sum of squares of residuals : 455356
rel. change during last iteration : -1.01685e-06

degrees of freedom    (FIT_NDF)                        : 9
rms of residuals      (FIT_STDFIT) = sqrt(WSSR/ndf)    : 224.934
variance of residuals (reduced chisquare) = WSSR/ndf   : 50595.1

Final set of parameters            Asymptotic Standard Error
=======================            ==========================
a2              = 1.34844          +/- 7.742e+09    (5.741e+11%)
b2              = -83.1797         +/- 2.162e+07    (2.599e+07%)
c2              = -213.803         +/- 133.2        (62.32%)

correlation matrix of the fit parameters:
                a2     b2     c2     
a2              1.000 
b2             -0.989  1.000 
c2              0.677 -0.753  1.000 


*******************************************************************************
Sun Dec  7 01:47:38 2025


FIT:    data read from 'data.txt' index 0 using 1:2
        format = x:z
        #datapoints = 12
        residuals are weighted equally (unit weight)

function used for fitting: f1(x)
	f1(x) = a1 * (x/x0)**1.6 + b1*(x/x0) + c1
fitted parameters initialized with current variable values

iter      chisq       delta/lim  lambda   a1            b1            c1           
   0 9.7191771943e+05   0.00e+00  5.77e-01    1.000000e+00   1.000000e+00   1.000000e+00
   9 1.4765090152e+04  -6.64e-01  5.77e-10    5.649149e+08  -6.228117e+06   6.444473e+01

After 9 iterations the fit converged.
final sum of squares of residuals : 14765.1
rel. change during last iteration : -6.63972e-06

degrees of freedom    (FIT_NDF)                        : 9
rms of residuals      (FIT_STDFIT) = sqrt(WSSR/ndf)    : 40.5039
variance of residuals (reduced chisquare) = WSSR/ndf   : 1640.57

Final set of parameters            Asymptotic Standard Error
=======================            ==========================
a1              = 5.64915e+08      +/- 3.509e+07    (6.212%)
b1              = -6.22812e+06     +/- 3.89e+05     (6.246%)
c1              = 64.4447          +/- 24.18        (37.52%)

correlation matrix of the fit parameters:
                a1     b1     c1     
a1              1.000 
b1             -0.988  1.000 
c1              0.681 -0.757  1.000 


*******************************************************************************
Sun Dec  7 01:47:38 2025


FIT:    data read from 'data.txt' index 1 using 1:2
        format = x:z
        #datapoints = 12
        residuals are weighted equally (unit weight)

function used for fitting: f2(x)
	f2(x) = a2 * (x/x0)**1.6 + b2*(x/x0) + c2
fitted parameters initialized with current variable values

iter      chisq       delta/lim  lambda   a2            b2            c2           
   0 1.0090517571e+06   0.00e+00  5.77e-01    1.000000e+00   1.000000e+00   1.000000e+00
   9 1.9064323143e+04  -5.16e-01  5.77e-10    5.696852e+08  -6.319592e+06   6.378958e+01

After 9 iterations the fit converged.
final sum of squares of residuals : 19064.3
rel. change during last iteration : -5.15611e-06

degrees of freedom    (FIT_NDF)                        : 9
rms of residuals      (FIT_STDFIT) = sqrt(WSSR/ndf)    : 46.0245
variance of residuals (reduced chisquare) = WSSR/ndf   : 2118.26

Final set of parameters            Asymptotic Standard Error
=======================            ==========================
a2              = 5.69685e+08      +/- 3.977e+07    (6.981%)
b2              = -6.31959e+06     +/- 4.422e+05    (6.997%)
c2              = 63.7896          +/- 27.26        (42.74%)

correlation matrix of the fit parameters:
                a2     b2     c2     
a2              1.000 
b2             -0.989  1.000 
c2              0.677 -0.753  1.000 


*******************************************************************************
Sun Dec  7 01:47:46 2025


FIT:    data read from 'data.txt' index 0 using 1:2
        format = x:z
        #datapoints = 12
        residuals are weighted equally (unit weight)

function used for fitting: f1(x)
	f1(x) = a1 * (x/x0)**1.6 + b1*(x/x0) + c1
fitted parameters initialized with current variable values

iter      chisq       delta/lim  lambda   a1            b1            c1           
   0 9.7191654552e+05   0.00e+00  5.77e-01    1.000000e+00   1.000000e+00   1.000000e+00
BREAK: Singular matrix in Invert_RtR

*******************************************************************************
Sun Dec  7 01:47:46 2025


FIT:    data read from 'data.txt' index 1 using 1:2
        format = x:z
        #datapoints = 12
        residuals are weighted equally (unit weight)

function used for fitting: f2(x)
	f2(x) = a2 * (x/x0)**1.6 + b2*(x/x0) + c2
fitted parameters initialized with current variable values

iter      chisq       delta/lim  lambda   a2            b2            c2           
   0 1.0090505312e+06   0.00e+00  5.77e-01    1.000000e+00   1.000000e+00   1.000000e+00
BREAK: Singular matrix in Invert_RtR

*******************************************************************************
Sun Dec  7 01:47:51 2025


FIT:    data read from 'data.txt' index 0 using 1:2
        format = x:z
        #datapoints = 12
        residuals are weighted equally (unit weight)

function used for fitting: f1(x)
	f1(x) = a1 * (x/x0)**1.6 + b1*(x/x0) + c1
fitted parameters initialized with current variable values

iter      chisq       delta/lim  lambda   a1            b1            c1           
   0 9.7191677919e+05   0.00e+00  5.77e-01    1.000000e+00   1.000000e+00   1.000000e+00
   3 4.4065993892e+05  -1.84e-01  5.77e-04    2.271177e+00  -1.105273e+02  -2.094026e+02

After 3 iterations the fit converged.
final sum of squares of residuals : 440660
rel. change during last iteration : -1.84481e-06

degrees of freedom    (FIT_NDF)                        : 9
rms of residuals      (FIT_STDFIT) = sqrt(WSSR/ndf)    : 221.274
variance of residuals (reduced chisquare) = WSSR/ndf   : 48962.2

Final set of parameters            Asymptotic Standard Error
=======================            ==========================
a1              = 2.27118          +/- 2.518e+09    (1.109e+11%)
b1              = -110.527         +/- 1.063e+07    (9.614e+06%)
c1              = -209.403         +/- 132.1        (63.09%)

correlation matrix of the fit parameters:
                a1     b1     c1     
a1              1.000 
b1             -0.988  1.000 
c1              0.681 -0.757  1.000 


*******************************************************************************
Sun Dec  7 01:47:51 2025


FIT:    data read from 'data.txt' index 1 using 1:2
        format = x:z
        #datapoints = 12
        residuals are weighted equally (unit weight)

function used for fitting: f2(x)
	f2(x) = a2 * (x/x0)**1.6 + b2*(x/x0) + c2
fitted parameters initialized with current variable values

iter      chisq       delta/lim  lambda   a2            b2            c2           
   0 1.0090507752e+06   0.00e+00  5.77e-01    1.000000e+00   1.000000e+00   1.000000e+00
   3 4.5535441632e+05  -4.06e-01  5.77e-04    2.056466e+00  -1.672860e+02  -2.137975e+02

After 3 iterations the fit converged.
final sum of squares of residuals : 455354
rel. change during last iteration : -4.06462e-06

degrees of freedom    (FIT_NDF)                        : 9
rms of residuals      (FIT_STDFIT) = sqrt(WSSR/ndf)    : 224.933
variance of residuals (reduced chisquare) = WSSR/ndf   : 50594.9

Final set of parameters            Asymptotic Standard Error
=======================            ==========================
a2              = 2.05647          +/- 2.552e+09    (1.241e+11%)
b2              = -167.286         +/- 1.08e+07     (6.459e+06%)
c2              = -213.797         +/- 133.2        (62.32%)

correlation matrix of the fit parameters:
                a2     b2     c2     
a2              1.000 
b2             -0.989  1.000 
c2              0.677 -0.753  1.000 


*******************************************************************************
Sun Dec  7 01:47:58 2025


FIT:    data read from 'data.txt' index 0 using 1:2
        format = x:z
        #datapoints = 12
        residuals are weighted equally (unit weight)

function used for fitting: f1(x)
	f1(x) = a1 * (x/x0)**1.6 + b1*(x/x0) + c1
fitted parameters initialized with current variable values

iter      chisq       delta/lim  lambda   a1            b1            c1           
   0 9.7191890254e+05   0.00e+00  5.77e-01    1.000000e+00   1.000000e+00   1.000000e+00
   9 1.4765090152e+04  -7.97e-05  5.77e-10    1.863524e+08  -3.114059e+06   6.444474e+01

After 9 iterations the fit converged.
final sum of squares of residuals : 14765.1
rel. change during last iteration : -7.96759e-10

degrees of freedom    (FIT_NDF)                        : 9
rms of residuals      (FIT_STDFIT) = sqrt(WSSR/ndf)    : 40.5039
variance of residuals (reduced chisquare) = WSSR/ndf   : 1640.57

Final set of parameters            Asymptotic Standard Error
=======================            ==========================
a1              = 1.86352e+08      +/- 1.158e+07    (6.212%)
b1              = -3.11406e+06     +/- 1.945e+05    (6.246%)
c1              = 64.4447          +/- 24.18        (37.52%)

correlation matrix of the fit parameters:
                a1     b1     c1     
a1              1.000 
b1             -0.988  1.000 
c1              0.681 -0.757  1.000 


*******************************************************************************
Sun Dec  7 01:47:58 2025


FIT:    data read from 'data.txt' index 1 using 1:2
        format = x:z
        #datapoints = 12
        residuals are weighted equally (unit weight)

function used for fitting: f2(x)
	f2(x) = a2 * (x/x0)**1.6 + b2*(x/x0) + c2
fitted parameters initialized with current variable values

iter      chisq       delta/lim  lambda   a2            b2            c2           
   0 1.0090529928e+06   0.00e+00  5.77e-01    1.000000e+00   1.000000e+00   1.000000e+00
   9 1.9064323143e+04  -6.16e-05  5.77e-10    1.879260e+08  -3.159796e+06   6.378958e+01

After 9 iterations the fit converged.
final sum of squares of residuals : 19064.3
rel. change during last iteration : -6.16059e-10

degrees of freedom    (FIT_NDF)                        : 9
rms of residuals      (FIT_STDFIT) = sqrt(WSSR/ndf)    : 46.0245
variance of residuals (reduced chisquare) = WSSR/ndf   : 2118.26

Final set of parameters            Asymptotic Standard Error
=======================            ==========================
a2              = 1.87926e+08      +/- 1.312e+07    (6.981%)
b2              = -3.1598e+06      +/- 2.211e+05    (6.997%)
c2              = 63.7896          +/- 27.26        (42.74%)

correlation matrix of the fit parameters:
                a2     b2     c2     
a2              1.000 
b2             -0.989  1.000 
c2              0.677 -0.753  1.000 


*******************************************************************************
Sun Dec  7 01:48:06 2025


FIT:    data read from 'data.txt' index 0 using 1:2
        format = x:z
        #datapoints = 12
        residuals are weighted equally (unit weight)

function used for fitting: f1(x)
	f1(x) = a1 * (x/x0)**1.6 + b1*(x/x0) + c1
fitted parameters initialized with current variable values

iter      chisq       delta/lim  lambda   a1            b1            c1           
   0 9.7191701357e+05   0.00e+00  5.77e-01    1.000000e+00   1.000000e+00   1.000000e+00
   3 4.4065749018e+05  -7.36e-01  5.77e-04    4.857107e+00  -2.216841e+02  -2.093877e+02

After 3 iterations the fit converged.
final sum of squares of residuals : 440657
rel. change during last iteration : -7.36173e-06

degrees of freedom    (FIT_NDF)                        : 9
rms of residuals      (FIT_STDFIT) = sqrt(WSSR/ndf)    : 221.273
variance of residuals (reduced chisquare) = WSSR/ndf   : 48961.9

Final set of parameters            Asymptotic Standard Error
=======================            ==========================
a1              = 4.85711          +/- 8.305e+08    (1.71e+10%)
b1              = -221.684         +/- 5.313e+06    (2.397e+06%)
c1              = -209.388         +/- 132.1        (63.09%)

correlation matrix of the fit parameters:
                a1     b1     c1     
a1              1.000 
b1             -0.988  1.000 
c1              0.681 -0.757  1.000 


*******************************************************************************
Sun Dec  7 01:48:06 2025


FIT:    data read from 'data.txt' index 1 using 1:2
        format = x:z
        #datapoints = 12
        residuals are weighted equally (unit weight)

function used for fitting: f2(x)
	f2(x) = a2 * (x/x0)**1.6 + b2*(x/x0) + c2
fitted parameters initialized with current variable values

iter      chisq       delta/lim  lambda   a2            b2            c2           
   0 1.0090510200e+06   0.00e+00  5.77e-01    1.000000e+00   1.000000e+00   1.000000e+00
  10 1.9064323143e+04  -6.69e-04  5.77e-11    2.467965e+09  -1.579898e+07   6.378958e+01

After 10 iterations the fit converged.
final sum of squares of residuals : 19064.3
rel. change during last iteration : -6.68603e-09

degrees of freedom    (FIT_NDF)                        : 9
rms of residuals      (FIT_STDFIT) = sqrt(WSSR/ndf)    : 46.0245
variance of residuals (reduced chisquare) = WSSR/ndf   : 2118.26

Final set of parameters            Asymptotic Standard Error
=======================            ==========================
a2              = 2.46796e+09      +/- 1.723e+08    (6.981%)
b2              = -1.5799e+07      +/- 1.105e+06    (6.997%)
c2              = 63.7896          +/- 27.26        (42.74%)

correlation matrix of the fit parameters:
                a2     b2     c2     
a2              1.000 
b2             -0.989  1.000 
c2              0.677 -0.753  1.000 


*******************************************************************************
Sun Dec  7 01:48:23 2025


FIT:    data read from 'data.txt' index 0 using 1:2
        format = x:z
        #datapoints = 12
        residuals are weighted equally (unit weight)

function used for fitting: f1(x)
	f1(x) = a1 * (x/x0)**1.6 + b1*(x/x0) + c1
fitted parameters initialized with current variable values

iter      chisq       delta/lim  lambda   a1            b1            c1           
   0 9.7191771943e+05   0.00e+00  5.77e-01    1.000000e+00   1.000000e+00   1.000000e+00
   9 1.4765090152e+04  -6.64e-01  5.77e-10    5.649149e+08  -6.228117e+06   6.444473e+01

After 9 iterations the fit converged.
final sum of squares of residuals : 14765.1
rel. change during last iteration : -6.63972e-06

degrees of freedom    (FIT_NDF)                        : 9
rms of residuals      (FIT_STDFIT) = sqrt(WSSR/ndf)    : 40.5039
variance of residuals (reduced chisquare) = WSSR/ndf   : 1640.57

Final set of parameters            Asymptotic Standard Error
=======================            ==========================
a1              = 5.64915e+08      +/- 3.509e+07    (6.212%)
b1              = -6.22812e+06     +/- 3.89e+05     (6.246%)
c1              = 64.4447          +/- 24.18        (37.52%)

correlation matrix of the fit parameters:
                a1     b1     c1     
a1              1.000 
b1             -0.988  1.000 
c1              0.681 -0.757  1.000 


*******************************************************************************
Sun Dec  7 01:48:23 2025


FIT:    data read from 'data.txt' index 1 using 1:2
        format = x:z
        #datapoints = 12
        residuals are weighted equally (unit weight)

function used for fitting: f2(x)
	f2(x) = a2 * (x/x0)**1.6 + b2*(x/x0) + c2
fitted parameters initialized with current variable values

iter      chisq       delta/lim  lambda   a2            b2            c2           
   0 1.0090517571e+06   0.00e+00  5.77e-01    1.000000e+00   1.000000e+00   1.000000e+00
   9 1.9064323143e+04  -5.16e-01  5.77e-10    5.696852e+08  -6.319592e+06   6.378958e+01

After 9 iterations the fit converged.
final sum of squares of residuals : 19064.3
rel. change during last iteration : -5.15611e-06

degrees of freedom    (FIT_NDF)                        : 9
rms of residuals      (FIT_STDFIT) = sqrt(WSSR/ndf)    : 46.0245
variance of residuals (reduced chisquare) = WSSR/ndf   : 2118.26

Final set of parameters            Asymptotic Standard Error
=======================            ==========================
a2              = 5.69685e+08      +/- 3.977e+07    (6.981%)
b2              = -6.31959e+06     +/- 4.422e+05    (6.997%)
c2              = 63.7896          +/- 27.26        (42.74%)

correlation matrix of the fit parameters:
                a2     b2     c2     
a2              1.000 
b2             -0.989  1.000 
c2              0.677 -0.753  1.000 


*******************************************************************************
Sun Dec  7 01:50:19 2025


FIT:    data read from 'data.txt' index 0 using 1:2
        format = x:z
        #datapoints = 12
        residuals are weighted equally (unit weight)

function used for fitting: f1(x)
	f1(x) = a1 * (x/x0)**1.6 + b1*(x/x0) + c1
fitted parameters initialized with current variable values

iter      chisq       delta/lim  lambda   a1            b1            c1           
   0 3.6653970433e+06   0.00e+00  1.91e+02    1.000000e+00   1.000000e+00   1.000000e+00
   6 1.4765090152e+04  -8.73e-08  1.91e-04    5.032022e+00  -5.793706e+01   6.444474e+01

After 6 iterations the fit converged.
final sum of squares of residuals : 14765.1
rel. change during last iteration : -8.73455e-13

degrees of freedom    (FIT_NDF)                        : 9
rms of residuals      (FIT_STDFIT) = sqrt(WSSR/ndf)    : 40.5039
variance of residuals (reduced chisquare) = WSSR/ndf   : 1640.57

Final set of parameters            Asymptotic Standard Error
=======================            ==========================
a1              = 5.03202          +/- 0.3126       (6.212%)
b1              = -57.9371         +/- 3.619        (6.246%)
c1              = 64.4447          +/- 24.18        (37.52%)

correlation matrix of the fit parameters:
                a1     b1     c1     
a1              1.000 
b1             -0.988  1.000 
c1              0.681 -0.757  1.000 


*******************************************************************************
Sun Dec  7 01:50:19 2025


FIT:    data read from 'data.txt' index 1 using 1:2
        format = x:z
        #datapoints = 12
        residuals are weighted equally (unit weight)

function used for fitting: f2(x)
	f2(x) = a2 * (x/x0)**1.6 + b2*(x/x0) + c2
fitted parameters initialized with current variable values

iter      chisq       delta/lim  lambda   a2            b2            c2           
   0 3.8228170388e+06   0.00e+00  1.95e+02    1.000000e+00   1.000000e+00   1.000000e+00
   6 1.9064323143e+04  -7.35e-08  1.95e-04    5.074514e+00  -5.878800e+01   6.378958e+01

After 6 iterations the fit converged.
final sum of squares of residuals : 19064.3
rel. change during last iteration : -7.35064e-13

degrees of freedom    (FIT_NDF)                        : 9
rms of residuals      (FIT_STDFIT) = sqrt(WSSR/ndf)    : 46.0245
variance of residuals (reduced chisquare) = WSSR/ndf   : 2118.26

Final set of parameters            Asymptotic Standard Error
=======================            ==========================
a2              = 5.07451          +/- 0.3542       (6.981%)
b2              = -58.788          +/- 4.113        (6.997%)
c2              = 63.7896          +/- 27.26        (42.74%)

correlation matrix of the fit parameters:
                a2     b2     c2     
a2              1.000 
b2             -0.989  1.000 
c2              0.677 -0.753  1.000 


*******************************************************************************
Sun Dec  7 01:51:16 2025


FIT:    data read from 'data.txt' index 0 using 1:2
        format = x:z
        #datapoints = 12
        residuals are weighted equally (unit weight)

function used for fitting: f1(x)
	f1(x) = a1 * (x/x0)**1.6 + b1*(x/x0) + c1
fitted parameters initialized with current variable values

iter      chisq       delta/lim  lambda   a1            b1            c1           
   0 9.8839097228e+05   0.00e+00  2.14e+00    1.000000e+00   1.000000e+00   1.000000e+00
   4 1.4765090152e+04  -1.22e-01  2.14e-04    5.338052e+02  -1.069010e+03   6.444473e+01

After 4 iterations the fit converged.
final sum of squares of residuals : 14765.1
rel. change during last iteration : -1.21525e-06

degrees of freedom    (FIT_NDF)                        : 9
rms of residuals      (FIT_STDFIT) = sqrt(WSSR/ndf)    : 40.5039
variance of residuals (reduced chisquare) = WSSR/ndf   : 1640.57

Final set of parameters            Asymptotic Standard Error
=======================            ==========================
a1              = 533.805          +/- 33.16        (6.212%)
b1              = -1069.01         +/- 66.77        (6.246%)
c1              = 64.4447          +/- 24.18        (37.52%)

correlation matrix of the fit parameters:
                a1     b1     c1     
a1              1.000 
b1             -0.988  1.000 
c1              0.681 -0.757  1.000 


*******************************************************************************
Sun Dec  7 01:51:16 2025


FIT:    data read from 'data.txt' index 1 using 1:2
        format = x:z
        #datapoints = 12
        residuals are weighted equally (unit weight)

function used for fitting: f2(x)
	f2(x) = a2 * (x/x0)**1.6 + b2*(x/x0) + c2
fitted parameters initialized with current variable values

iter      chisq       delta/lim  lambda   a2            b2            c2           
   0 1.0264278936e+06   0.00e+00  2.17e+00    1.000000e+00   1.000000e+00   1.000000e+00
   4 1.9064323143e+04  -1.07e-01  2.17e-04    5.383128e+02  -1.084711e+03   6.378958e+01

After 4 iterations the fit converged.
final sum of squares of residuals : 19064.3
rel. change during last iteration : -1.07199e-06

degrees of freedom    (FIT_NDF)                        : 9
rms of residuals      (FIT_STDFIT) = sqrt(WSSR/ndf)    : 46.0245
variance of residuals (reduced chisquare) = WSSR/ndf   : 2118.26

Final set of parameters            Asymptotic Standard Error
=======================            ==========================
a2              = 538.313          +/- 37.58        (6.981%)
b2              = -1084.71         +/- 75.89        (6.997%)
c2              = 63.7896          +/- 27.26        (42.74%)

correlation matrix of the fit parameters:
                a2     b2     c2     
a2              1.000 
b2             -0.989  1.000 
c2              0.677 -0.753  1.000 


*******************************************************************************
Sun Dec  7 01:52:03 2025


FIT:    data read from 'data.txt' index 0 using 1:2
        format = x:z
        #datapoints = 13
        residuals are weighted equally (unit weight)

function used for fitting: f1(x)
	f1(x) = a1 * (x/x0)**1.6 + b1*(x/x0) + c1
fitted parameters initialized with current variable values

iter      chisq       delta/lim  lambda   a1            b1            c1           
   0 9.8839197228e+05   0.00e+00  2.06e+00    1.000000e+00   1.000000e+00   1.000000e+00
   4 1.7826887359e+04  -4.35e-02  2.06e-04    5.180005e+02  -1.033620e+03   4.751043e+01

After 4 iterations the fit converged.
final sum of squares of residuals : 17826.9
rel. change during last iteration : -4.34778e-07

degrees of freedom    (FIT_NDF)                        : 10
rms of residuals      (FIT_STDFIT) = sqrt(WSSR/ndf)    : 42.2219
variance of residuals (reduced chisquare) = WSSR/ndf   : 1782.69

Final set of parameters            Asymptotic Standard Error
=======================            ==========================
a1              = 518              +/- 32.39        (6.254%)
b1              = -1033.62         +/- 64.15        (6.206%)
c1              = 47.5104          +/- 21.64        (45.56%)

correlation matrix of the fit parameters:
                a1     b1     c1     
a1              1.000 
b1             -0.987  1.000 
c1              0.624 -0.705  1.000 


*******************************************************************************
Sun Dec  7 01:52:03 2025


FIT:    data read from 'data.txt' index 1 using 1:2
        format = x:z
        #datapoints = 13
        residuals are weighted equally (unit weight)

function used for fitting: f2(x)
	f2(x) = a2 * (x/x0)**1.6 + b2*(x/x0) + c2
fitted parameters initialized with current variable values

iter      chisq       delta/lim  lambda   a2            b2            c2           
   0 1.0264288936e+06   0.00e+00  2.09e+00    1.000000e+00   1.000000e+00   1.000000e+00
   4 2.2076557794e+04  -4.06e-02  2.09e-04    5.228482e+02  -1.049999e+03   4.722142e+01

After 4 iterations the fit converged.
final sum of squares of residuals : 22076.6
rel. change during last iteration : -4.06288e-07

degrees of freedom    (FIT_NDF)                        : 10
rms of residuals      (FIT_STDFIT) = sqrt(WSSR/ndf)    : 46.9857
variance of residuals (reduced chisquare) = WSSR/ndf   : 2207.66

Final set of parameters            Asymptotic Standard Error
=======================            ==========================
a2              = 522.848          +/- 36.01        (6.887%)
b2              = -1050            +/- 71.55        (6.814%)
c2              = 47.2214          +/- 23.95        (50.71%)

correlation matrix of the fit parameters:
                a2     b2     c2     
a2              1.000 
b2             -0.988  1.000 
c2              0.621 -0.701  1.000 


*******************************************************************************
Sun Dec  7 01:52:26 2025


FIT:    data read from 'data.txt' index 0 using 1:2
        format = x:z
        #datapoints = 13
        residuals are weighted equally (unit weight)

function used for fitting: f1(x)
	f1(x) = a1 * (x/x0)**1.6 + b1*(x/x0) + c1
fitted parameters initialized with current variable values

iter      chisq       delta/lim  lambda   a1            b1            c1           
   0 9.8839197228e+05   0.00e+00  2.06e+00    1.000000e+00   1.000000e+00   1.000000e+00
   4 1.7826887359e+04  -4.35e-02  2.06e-04    5.180005e+02  -1.033620e+03   4.751043e+01

After 4 iterations the fit converged.
final sum of squares of residuals : 17826.9
rel. change during last iteration : -4.34778e-07

degrees of freedom    (FIT_NDF)                        : 10
rms of residuals      (FIT_STDFIT) = sqrt(WSSR/ndf)    : 42.2219
variance of residuals (reduced chisquare) = WSSR/ndf   : 1782.69

Final set of parameters            Asymptotic Standard Error
=======================            ==========================
a1              = 518              +/- 32.39        (6.254%)
b1              = -1033.62         +/- 64.15        (6.206%)
c1              = 47.5104          +/- 21.64        (45.56%)

correlation matrix of the fit parameters:
                a1     b1     c1     
a1              1.000 
b1             -0.987  1.000 
c1              0.624 -0.705  1.000 


*******************************************************************************
Sun Dec  7 01:52:26 2025


FIT:    data read from 'data.txt' index 1 using 1:2
        format = x:z
        #datapoints = 13
        residuals are weighted equally (unit weight)

function used for fitting: f2(x)
	f2(x) = a2 * (x/x0)**1.6 + b2*(x/x0) + c2
fitted parameters initialized with current variable values

iter      chisq       delta/lim  lambda   a2            b2            c2           
   0 1.0264288936e+06   0.00e+00  2.09e+00    1.000000e+00   1.000000e+00   1.000000e+00
   4 2.2076557794e+04  -4.06e-02  2.09e-04    5.228482e+02  -1.049999e+03   4.722142e+01

After 4 iterations the fit converged.
final sum of squares of residuals : 22076.6
rel. change during last iteration : -4.06288e-07

degrees of freedom    (FIT_NDF)                        : 10
rms of residuals      (FIT_STDFIT) = sqrt(WSSR/ndf)    : 46.9857
variance of residuals (reduced chisquare) = WSSR/ndf   : 2207.66

Final set of parameters            Asymptotic Standard Error
=======================            ==========================
a2              = 522.848          +/- 36.01        (6.887%)
b2              = -1050            +/- 71.55        (6.814%)
c2              = 47.2214          +/- 23.95        (50.71%)

correlation matrix of the fit parameters:
                a2     b2     c2     
a2              1.000 
b2             -0.988  1.000 
c2              0.621 -0.701  1.000 


*******************************************************************************
Sun Dec  7 01:53:40 2025


FIT:    data read from 'data.txt' index 0 using 1:2
        format = x:z
        #datapoints = 12
        residuals are weighted equally (unit weight)

function used for fitting: f1(x)
	f1(x) = a1 * (x/x0)**1.6 + b1*(x/x0) + c1
fitted parameters initialized with current variable values

iter      chisq       delta/lim  lambda   a1            b1            c1           
   0 9.8839097228e+05   0.00e+00  2.14e+00    1.000000e+00   1.000000e+00   1.000000e+00
   4 1.4765090152e+04  -1.22e-01  2.14e-04    5.338052e+02  -1.069010e+03   6.444473e+01

After 4 iterations the fit converged.
final sum of squares of residuals : 14765.1
rel. change during last iteration : -1.21525e-06

degrees of freedom    (FIT_NDF)                        : 9
rms of residuals      (FIT_STDFIT) = sqrt(WSSR/ndf)    : 40.5039
variance of residuals (reduced chisquare) = WSSR/ndf   : 1640.57

Final set of parameters            Asymptotic Standard Error
=======================            ==========================
a1              = 533.805          +/- 33.16        (6.212%)
b1              = -1069.01         +/- 66.77        (6.246%)
c1              = 64.4447          +/- 24.18        (37.52%)

correlation matrix of the fit parameters:
                a1     b1     c1     
a1              1.000 
b1             -0.988  1.000 
c1              0.681 -0.757  1.000 


*******************************************************************************
Sun Dec  7 01:53:40 2025


FIT:    data read from 'data.txt' index 1 using 1:2
        format = x:z
        #datapoints = 12
        residuals are weighted equally (unit weight)

function used for fitting: f2(x)
	f2(x) = a2 * (x/x0)**1.6 + b2*(x/x0) + c2
fitted parameters initialized with current variable values

iter      chisq       delta/lim  lambda   a2            b2            c2           
   0 1.0264278936e+06   0.00e+00  2.17e+00    1.000000e+00   1.000000e+00   1.000000e+00
   4 1.9064323143e+04  -1.07e-01  2.17e-04    5.383128e+02  -1.084711e+03   6.378958e+01

After 4 iterations the fit converged.
final sum of squares of residuals : 19064.3
rel. change during last iteration : -1.07199e-06

degrees of freedom    (FIT_NDF)                        : 9
rms of residuals      (FIT_STDFIT) = sqrt(WSSR/ndf)    : 46.0245
variance of residuals (reduced chisquare) = WSSR/ndf   : 2118.26

Final set of parameters            Asymptotic Standard Error
=======================            ==========================
a2              = 538.313          +/- 37.58        (6.981%)
b2              = -1084.71         +/- 75.89        (6.997%)
c2              = 63.7896          +/- 27.26        (42.74%)

correlation matrix of the fit parameters:
                a2     b2     c2     
a2              1.000 
b2             -0.989  1.000 
c2              0.677 -0.753  1.000 


*******************************************************************************
Sun Dec  7 02:00:18 2025


FIT:    data read from 'data.txt' index 0 using 1:2
        format = x:z
        #datapoints = 12
        residuals are weighted equally (unit weight)

function used for fitting: f1(x)
	f1(x) = a1 * (x/x0)**1.6 + b1*(x/x0) + c1
fitted parameters initialized with current variable values

iter      chisq       delta/lim  lambda   a1            b1            c1           
   0 9.8839097228e+05   0.00e+00  2.14e+00    1.000000e+00   1.000000e+00   1.000000e+00
   4 1.4765090152e+04  -1.22e-01  2.14e-04    5.338052e+02  -1.069010e+03   6.444473e+01

After 4 iterations the fit converged.
final sum of squares of residuals : 14765.1
rel. change during last iteration : -1.21525e-06

degrees of freedom    (FIT_NDF)                        : 9
rms of residuals      (FIT_STDFIT) = sqrt(WSSR/ndf)    : 40.5039
variance of residuals (reduced chisquare) = WSSR/ndf   : 1640.57

Final set of parameters            Asymptotic Standard Error
=======================            ==========================
a1              = 533.805          +/- 33.16        (6.212%)
b1              = -1069.01         +/- 66.77        (6.246%)
c1              = 64.4447          +/- 24.18        (37.52%)

correlation matrix of the fit parameters:
                a1     b1     c1     
a1              1.000 
b1             -0.988  1.000 
c1              0.681 -0.757  1.000 


*******************************************************************************
Sun Dec  7 02:00:18 2025


FIT:    data read from 'data.txt' index 1 using 1:2
        format = x:z
        #datapoints = 12
        residuals are weighted equally (unit weight)

function used for fitting: f2(x)
	f2(x) = a2 * (x/x0)**1.6 + b2*(x/x0) + c2
fitted parameters initialized with current variable values

iter      chisq       delta/lim  lambda   a2            b2            c2           
   0 1.0264278936e+06   0.00e+00  2.17e+00    1.000000e+00   1.000000e+00   1.000000e+00
   4 1.9064323143e+04  -1.07e-01  2.17e-04    5.383128e+02  -1.084711e+03   6.378958e+01

After 4 iterations the fit converged.
final sum of squares of residuals : 19064.3
rel. change during last iteration : -1.07199e-06

degrees of freedom    (FIT_NDF)                        : 9
rms of residuals      (FIT_STDFIT) = sqrt(WSSR/ndf)    : 46.0245
variance of residuals (reduced chisquare) = WSSR/ndf   : 2118.26

Final set of parameters            Asymptotic Standard Error
=======================            ==========================
a2              = 538.313          +/- 37.58        (6.981%)
b2              = -1084.71         +/- 75.89        (6.997%)
c2              = 63.7896          +/- 27.26        (42.74%)

correlation matrix of the fit parameters:
                a2     b2     c2     
a2              1.000 
b2             -0.989  1.000 
c2              0.677 -0.753  1.000 


*******************************************************************************
Sun Dec  7 02:01:19 2025


FIT:    data read from 'data.txt' index 0 using 1:2
        format = x:z
        #datapoints = 12
        residuals are weighted equally (unit weight)

function used for fitting: f1(x)
	f1(x) = a1 * (x/x0)**1.6 + b1*(x/x0) + c1
fitted parameters initialized with current variable values

iter      chisq       delta/lim  lambda   a1            b1            c1           
   0 9.8839097228e+05   0.00e+00  2.14e+00    1.000000e+00   1.000000e+00   1.000000e+00
   4 1.4765090152e+04  -1.22e-01  2.14e-04    5.338052e+02  -1.069010e+03   6.444473e+01

After 4 iterations the fit converged.
final sum of squares of residuals : 14765.1
rel. change during last iteration : -1.21525e-06

degrees of freedom    (FIT_NDF)                        : 9
rms of residuals      (FIT_STDFIT) = sqrt(WSSR/ndf)    : 40.5039
variance of residuals (reduced chisquare) = WSSR/ndf   : 1640.57

Final set of parameters            Asymptotic Standard Error
=======================            ==========================
a1              = 533.805          +/- 33.16        (6.212%)
b1              = -1069.01         +/- 66.77        (6.246%)
c1              = 64.4447          +/- 24.18        (37.52%)

correlation matrix of the fit parameters:
                a1     b1     c1     
a1              1.000 
b1             -0.988  1.000 
c1              0.681 -0.757  1.000 


*******************************************************************************
Sun Dec  7 02:01:19 2025


FIT:    data read from 'data.txt' index 1 using 1:2
        format = x:z
        #datapoints = 12
        residuals are weighted equally (unit weight)

function used for fitting: f2(x)
	f2(x) = a2 * (x/x0)**1.6 + b2*(x/x0) + c2
fitted parameters initialized with current variable values

iter      chisq       delta/lim  lambda   a2            b2            c2           
   0 1.0264278936e+06   0.00e+00  2.17e+00    1.000000e+00   1.000000e+00   1.000000e+00
   4 1.9064323143e+04  -1.07e-01  2.17e-04    5.383128e+02  -1.084711e+03   6.378958e+01

After 4 iterations the fit converged.
final sum of squares of residuals : 19064.3
rel. change during last iteration : -1.07199e-06

degrees of freedom    (FIT_NDF)                        : 9
rms of residuals      (FIT_STDFIT) = sqrt(WSSR/ndf)    : 46.0245
variance of residuals (reduced chisquare) = WSSR/ndf   : 2118.26

Final set of parameters            Asymptotic Standard Error
=======================            ==========================
a2              = 538.313          +/- 37.58        (6.981%)
b2              = -1084.71         +/- 75.89        (6.997%)
c2              = 63.7896          +/- 27.26        (42.74%)

correlation matrix of the fit parameters:
                a2     b2     c2     
a2              1.000 
b2             -0.989  1.000 
c2              0.677 -0.753  1.000 


*******************************************************************************
Sun Dec  7 02:02:47 2025


FIT:    data read from 'data.txt' index 0 using 1:2
        format = x:z
        #datapoints = 12
        residuals are weighted equally (unit weight)

function used for fitting: f1(x)
	f1(x) = a1 * (x/x0)**1.6 + b1*(x/x0) + c1
fitted parameters initialized with current variable values

iter      chisq       delta/lim  lambda   a1            b1            c1           
   0 9.8839097228e+05   0.00e+00  2.14e+00    1.000000e+00   1.000000e+00   1.000000e+00
   4 1.4765090152e+04  -1.22e-01  2.14e-04    5.338052e+02  -1.069010e+03   6.444473e+01

After 4 iterations the fit converged.
final sum of squares of residuals : 14765.1
rel. change during last iteration : -1.21525e-06

degrees of freedom    (FIT_NDF)                        : 9
rms of residuals      (FIT_STDFIT) = sqrt(WSSR/ndf)    : 40.5039
variance of residuals (reduced chisquare) = WSSR/ndf   : 1640.57

Final set of parameters            Asymptotic Standard Error
=======================            ==========================
a1              = 533.805          +/- 33.16        (6.212%)
b1              = -1069.01         +/- 66.77        (6.246%)
c1              = 64.4447          +/- 24.18        (37.52%)

correlation matrix of the fit parameters:
                a1     b1     c1     
a1              1.000 
b1             -0.988  1.000 
c1              0.681 -0.757  1.000 


*******************************************************************************
Sun Dec  7 02:02:47 2025


FIT:    data read from 'data.txt' index 1 using 1:2
        format = x:z
        #datapoints = 12
        residuals are weighted equally (unit weight)

function used for fitting: f2(x)
	f2(x) = a2 * (x/x0)**1.6 + b2*(x/x0) + c2
fitted parameters initialized with current variable values

iter      chisq       delta/lim  lambda   a2            b2            c2           
   0 1.0264278936e+06   0.00e+00  2.17e+00    1.000000e+00   1.000000e+00   1.000000e+00
   4 1.9064323143e+04  -1.07e-01  2.17e-04    5.383128e+02  -1.084711e+03   6.378958e+01

After 4 iterations the fit converged.
final sum of squares of residuals : 19064.3
rel. change during last iteration : -1.07199e-06

degrees of freedom    (FIT_NDF)                        : 9
rms of residuals      (FIT_STDFIT) = sqrt(WSSR/ndf)    : 46.0245
variance of residuals (reduced chisquare) = WSSR/ndf   : 2118.26

Final set of parameters            Asymptotic Standard Error
=======================            ==========================
a2              = 538.313          +/- 37.58        (6.981%)
b2              = -1084.71         +/- 75.89        (6.997%)
c2              = 63.7896          +/- 27.26        (42.74%)

correlation matrix of the fit parameters:
                a2     b2     c2     
a2              1.000 
b2             -0.989  1.000 
c2              0.677 -0.753  1.000 


*******************************************************************************
Sun Dec  7 17:11:49 2025


FIT:    data read from 'data.txt' index 0 using 1:2
        format = x:z
        #datapoints = 12
        residuals are weighted equally (unit weight)

function used for fitting: f1(x)
	f1(x) = a1 * (x/x0)**1.6 + b1*(x/x0) + c1
fitted parameters initialized with current variable values

iter      chisq       delta/lim  lambda   a1            b1            c1           
   0 9.8839097228e+05   0.00e+00  2.14e+00    1.000000e+00   1.000000e+00   1.000000e+00
   4 1.4765090152e+04  -1.22e-01  2.14e-04    5.338052e+02  -1.069010e+03   6.444473e+01

After 4 iterations the fit converged.
final sum of squares of residuals : 14765.1
rel. change during last iteration : -1.21525e-06

degrees of freedom    (FIT_NDF)                        : 9
rms of residuals      (FIT_STDFIT) = sqrt(WSSR/ndf)    : 40.5039
variance of residuals (reduced chisquare) = WSSR/ndf   : 1640.57

Final set of parameters            Asymptotic Standard Error
=======================            ==========================
a1              = 533.805          +/- 33.16        (6.212%)
b1              = -1069.01         +/- 66.77        (6.246%)
c1              = 64.4447          +/- 24.18        (37.52%)

correlation matrix of the fit parameters:
                a1     b1     c1     
a1              1.000 
b1             -0.988  1.000 
c1              0.681 -0.757  1.000 


*******************************************************************************
Sun Dec  7 17:11:49 2025


FIT:    data read from 'data.txt' index 1 using 1:2
        format = x:z
        #datapoints = 12
        residuals are weighted equally (unit weight)

function used for fitting: f2(x)
	f2(x) = a2 * (x/x0)**1.6 + b2*(x/x0) + c2
fitted parameters initialized with current variable values

iter      chisq       delta/lim  lambda   a2            b2            c2           
   0 1.0264278936e+06   0.00e+00  2.17e+00    1.000000e+00   1.000000e+00   1.000000e+00
   4 1.9064323143e+04  -1.07e-01  2.17e-04    5.383128e+02  -1.084711e+03   6.378958e+01

After 4 iterations the fit converged.
final sum of squares of residuals : 19064.3
rel. change during last iteration : -1.07199e-06

degrees of freedom    (FIT_NDF)                        : 9
rms of residuals      (FIT_STDFIT) = sqrt(WSSR/ndf)    : 46.0245
variance of residuals (reduced chisquare) = WSSR/ndf   : 2118.26

Final set of parameters            Asymptotic Standard Error
=======================            ==========================
a2              = 538.313          +/- 37.58        (6.981%)
b2              = -1084.71         +/- 75.89        (6.997%)
c2              = 63.7896          +/- 27.26        (42.74%)

correlation matrix of the fit parameters:
                a2     b2     c2     
a2              1.000 
b2             -0.989  1.000 
c2              0.677 -0.753  1.000 


*******************************************************************************
Sun Dec  7 17:12:45 2025


FIT:    data read from 'data.txt' index 0 using 1:2
        format = x:z
        #datapoints = 12
        residuals are weighted equally (unit weight)

function used for fitting: f1(x)
	f1(x) = a1 * (x/x0)**2 + b1*(x/x0) + c1
fitted parameters initialized with current variable values

iter      chisq       delta/lim  lambda   a1            b1            c1           
   0 9.9132087883e+05   0.00e+00  2.94e+00    1.000000e+00   1.000000e+00   1.000000e+00
   4 1.7888666519e+04  -3.79e-02  2.94e-04    2.287387e+02  -7.086490e+02   2.637486e+01

After 4 iterations the fit converged.
final sum of squares of residuals : 17888.7
rel. change during last iteration : -3.78725e-07

degrees of freedom    (FIT_NDF)                        : 9
rms of residuals      (FIT_STDFIT) = sqrt(WSSR/ndf)    : 44.5828
variance of residuals (reduced chisquare) = WSSR/ndf   : 1987.63

Final set of parameters            Asymptotic Standard Error
=======================            ==========================
a1              = 228.739          +/- 15.7         (6.863%)
b1              = -708.649         +/- 49.46        (6.98%)
c1              = 26.3749          +/- 24.95        (94.61%)

correlation matrix of the fit parameters:
                a1     b1     c1     
a1              1.000 
b1             -0.974  1.000 
c1              0.624 -0.741  1.000 


*******************************************************************************
Sun Dec  7 17:12:45 2025


FIT:    data read from 'data.txt' index 1 using 1:2
        format = x:z
        #datapoints = 12
        residuals are weighted equally (unit weight)

function used for fitting: f2(x)
	f2(x) = a2 * (x/x0)**2 + b2*(x/x0) + c2
fitted parameters initialized with current variable values

iter      chisq       delta/lim  lambda   a2            b2            c2           
   0 1.0297059334e+06   0.00e+00  3.00e+00    1.000000e+00   1.000000e+00   1.000000e+00
   4 2.2683116112e+04  -3.53e-02  3.00e-04    2.301736e+02  -7.203378e+02   2.550796e+01

After 4 iterations the fit converged.
final sum of squares of residuals : 22683.1
rel. change during last iteration : -3.52576e-07

degrees of freedom    (FIT_NDF)                        : 9
rms of residuals      (FIT_STDFIT) = sqrt(WSSR/ndf)    : 50.2031
variance of residuals (reduced chisquare) = WSSR/ndf   : 2520.35

Final set of parameters            Asymptotic Standard Error
=======================            ==========================
a2              = 230.174          +/- 17.6         (7.647%)
b2              = -720.338         +/- 55.73        (7.737%)
c2              = 25.508           +/- 27.89        (109.3%)

correlation matrix of the fit parameters:
                a2     b2     c2     
a2              1.000 
b2             -0.975  1.000 
c2              0.620 -0.736  1.000 


*******************************************************************************
Sun Dec  7 17:13:31 2025


FIT:    data read from 'data.txt' index 0 using 1:2
        format = x:z
        #datapoints = 12
        residuals are weighted equally (unit weight)

function used for fitting: f1(x)
	f1(x) = a1 * (x/x0)**3 + b1*(x/x0) + c1
fitted parameters initialized with current variable values

iter      chisq       delta/lim  lambda   a1            b1            c1           
   0 1.0064483930e+06   0.00e+00  7.87e+00    1.000000e+00   1.000000e+00   1.000000e+00
   4 3.0852941004e+04  -9.87e-01  7.87e-04    4.839254e+01  -4.392704e+02  -2.085264e+01

After 4 iterations the fit converged.
final sum of squares of residuals : 30852.9
rel. change during last iteration : -9.86642e-06

degrees of freedom    (FIT_NDF)                        : 9
rms of residuals      (FIT_STDFIT) = sqrt(WSSR/ndf)    : 58.55
variance of residuals (reduced chisquare) = WSSR/ndf   : 3428.1

Final set of parameters            Asymptotic Standard Error
=======================            ==========================
a1              = 48.3925          +/- 4.43         (9.154%)
b1              = -439.27          +/- 42.26        (9.62%)
c1              = -20.8526         +/- 30.44        (146%)

correlation matrix of the fit parameters:
                a1     b1     c1     
a1              1.000 
b1             -0.937  1.000 
c1              0.540 -0.727  1.000 


*******************************************************************************
Sun Dec  7 17:13:31 2025


FIT:    data read from 'data.txt' index 1 using 1:2
        format = x:z
        #datapoints = 12
        residuals are weighted equally (unit weight)

function used for fitting: f2(x)
	f2(x) = a2 * (x/x0)**3 + b2*(x/x0) + c2
fitted parameters initialized with current variable values

iter      chisq       delta/lim  lambda   a2            b2            c2           
   0 1.0468472226e+06   0.00e+00  8.08e+00    1.000000e+00   1.000000e+00   1.000000e+00
   5 3.6397185693e+04  -2.12e-09  8.08e-05    4.841830e+01  -4.479629e+02  -2.181406e+01

After 5 iterations the fit converged.
final sum of squares of residuals : 36397.2
rel. change during last iteration : -2.11899e-14

degrees of freedom    (FIT_NDF)                        : 9
rms of residuals      (FIT_STDFIT) = sqrt(WSSR/ndf)    : 63.5935
variance of residuals (reduced chisquare) = WSSR/ndf   : 4044.13

Final set of parameters            Asymptotic Standard Error
=======================            ==========================
a2              = 48.4183          +/- 4.766        (9.844%)
b2              = -447.963         +/- 45.92        (10.25%)
c2              = -21.8141         +/- 32.84        (150.5%)

correlation matrix of the fit parameters:
                a2     b2     c2     
a2              1.000 
b2             -0.939  1.000 
c2              0.536 -0.721  1.000 


*******************************************************************************
Sun Dec  7 17:14:35 2025


FIT:    data read from 'data.txt' index 0 using 1:2
        format = x:z
        #datapoints = 12
        residuals are weighted equally (unit weight)

function used for fitting: f1(x)
	f1(x) = a1 * (x/x0)**2 + b1*(x/x0) + c1
fitted parameters initialized with current variable values

iter      chisq       delta/lim  lambda   a1            b1            c1           
   0 9.9132087883e+05   0.00e+00  2.94e+00    1.000000e+00   1.000000e+00   1.000000e+00
   4 1.7888666519e+04  -3.79e-02  2.94e-04    2.287387e+02  -7.086490e+02   2.637486e+01

After 4 iterations the fit converged.
final sum of squares of residuals : 17888.7
rel. change during last iteration : -3.78725e-07

degrees of freedom    (FIT_NDF)                        : 9
rms of residuals      (FIT_STDFIT) = sqrt(WSSR/ndf)    : 44.5828
variance of residuals (reduced chisquare) = WSSR/ndf   : 1987.63

Final set of parameters            Asymptotic Standard Error
=======================            ==========================
a1              = 228.739          +/- 15.7         (6.863%)
b1              = -708.649         +/- 49.46        (6.98%)
c1              = 26.3749          +/- 24.95        (94.61%)

correlation matrix of the fit parameters:
                a1     b1     c1     
a1              1.000 
b1             -0.974  1.000 
c1              0.624 -0.741  1.000 


*******************************************************************************
Sun Dec  7 17:14:35 2025


FIT:    data read from 'data.txt' index 1 using 1:2
        format = x:z
        #datapoints = 12
        residuals are weighted equally (unit weight)

function used for fitting: f2(x)
	f2(x) = a2 * (x/x0)**2 + b2*(x/x0) + c2
fitted parameters initialized with current variable values

iter      chisq       delta/lim  lambda   a2            b2            c2           
   0 1.0297059334e+06   0.00e+00  3.00e+00    1.000000e+00   1.000000e+00   1.000000e+00
   4 2.2683116112e+04  -3.53e-02  3.00e-04    2.301736e+02  -7.203378e+02   2.550796e+01

After 4 iterations the fit converged.
final sum of squares of residuals : 22683.1
rel. change during last iteration : -3.52576e-07

degrees of freedom    (FIT_NDF)                        : 9
rms of residuals      (FIT_STDFIT) = sqrt(WSSR/ndf)    : 50.2031
variance of residuals (reduced chisquare) = WSSR/ndf   : 2520.35

Final set of parameters            Asymptotic Standard Error
=======================            ==========================
a2              = 230.174          +/- 17.6         (7.647%)
b2              = -720.338         +/- 55.73        (7.737%)
c2              = 25.508           +/- 27.89        (109.3%)

correlation matrix of the fit parameters:
                a2     b2     c2     
a2              1.000 
b2             -0.975  1.000 
c2              0.620 -0.736  1.000 


*******************************************************************************
Sun Dec  7 17:15:12 2025


FIT:    data read from 'data.txt' index 0 using 1:2
        format = x:z
        #datapoints = 12
        residuals are weighted equally (unit weight)

function used for fitting: f1(x)
	f1(x) = a1 * (x/x0)**4 + b1*(x/x0) + c1
fitted parameters initialized with current variable values

iter      chisq       delta/lim  lambda   a1            b1            c1           
   0 1.0554758357e+06   0.00e+00  2.29e+01    1.000000e+00   1.000000e+00   1.000000e+00
   5 4.4240810657e+04  -8.04e-06  2.29e-04    1.315015e+01  -3.497479e+02  -4.335260e+01

After 5 iterations the fit converged.
final sum of squares of residuals : 44240.8
rel. change during last iteration : -8.04235e-11

degrees of freedom    (FIT_NDF)                        : 9
rms of residuals      (FIT_STDFIT) = sqrt(WSSR/ndf)    : 70.1117
variance of residuals (reduced chisquare) = WSSR/ndf   : 4915.65

Final set of parameters            Asymptotic Standard Error
=======================            ==========================
a1              = 13.1502          +/- 1.466        (11.15%)
b1              = -349.748         +/- 42.12        (12.04%)
c1              = -43.3526         +/- 35.32        (81.46%)

correlation matrix of the fit parameters:
                a1     b1     c1     
a1              1.000 
b1             -0.907  1.000 
c1              0.496 -0.724  1.000 


*******************************************************************************
Sun Dec  7 17:15:12 2025


FIT:    data read from 'data.txt' index 1 using 1:2
        format = x:z
        #datapoints = 12
        residuals are weighted equally (unit weight)

function used for fitting: f2(x)
	f2(x) = a2 * (x/x0)**4 + b2*(x/x0) + c2
fitted parameters initialized with current variable values

iter      chisq       delta/lim  lambda   a2            b2            c2           
   0 1.1026457347e+06   0.00e+00  2.36e+01    1.000000e+00   1.000000e+00   1.000000e+00
   5 5.0044121828e+04  -9.76e-06  2.36e-04    1.308147e+01  -3.574252e+02  -4.426997e+01

After 5 iterations the fit converged.
final sum of squares of residuals : 50044.1
rel. change during last iteration : -9.75576e-11

degrees of freedom    (FIT_NDF)                        : 9
rms of residuals      (FIT_STDFIT) = sqrt(WSSR/ndf)    : 74.5685
variance of residuals (reduced chisquare) = WSSR/ndf   : 5560.46

Final set of parameters            Asymptotic Standard Error
=======================            ==========================
a2              = 13.0815          +/- 1.535        (11.74%)
b2              = -357.425         +/- 44.8         (12.53%)
c2              = -44.27           +/- 37.33        (84.31%)

correlation matrix of the fit parameters:
                a2     b2     c2     
a2              1.000 
b2             -0.910  1.000 
c2              0.492 -0.718  1.000 


*******************************************************************************
Sun Dec  7 17:15:43 2025


FIT:    data read from 'data.txt' index 0 using 1:2
        format = x:z
        #datapoints = 12
        residuals are weighted equally (unit weight)

function used for fitting: f1(x)
	f1(x) = a1 * (x/x0)**2 + b1*(x/x0) + c1
fitted parameters initialized with current variable values

iter      chisq       delta/lim  lambda   a1            b1            c1           
   0 9.9132087883e+05   0.00e+00  2.94e+00    1.000000e+00   1.000000e+00   1.000000e+00
   4 1.7888666519e+04  -3.79e-02  2.94e-04    2.287387e+02  -7.086490e+02   2.637486e+01

After 4 iterations the fit converged.
final sum of squares of residuals : 17888.7
rel. change during last iteration : -3.78725e-07

degrees of freedom    (FIT_NDF)                        : 9
rms of residuals      (FIT_STDFIT) = sqrt(WSSR/ndf)    : 44.5828
variance of residuals (reduced chisquare) = WSSR/ndf   : 1987.63

Final set of parameters            Asymptotic Standard Error
=======================            ==========================
a1              = 228.739          +/- 15.7         (6.863%)
b1              = -708.649         +/- 49.46        (6.98%)
c1              = 26.3749          +/- 24.95        (94.61%)

correlation matrix of the fit parameters:
                a1     b1     c1     
a1              1.000 
b1             -0.974  1.000 
c1              0.624 -0.741  1.000 


*******************************************************************************
Sun Dec  7 17:15:43 2025


FIT:    data read from 'data.txt' index 1 using 1:2
        format = x:z
        #datapoints = 12
        residuals are weighted equally (unit weight)

function used for fitting: f2(x)
	f2(x) = a2 * (x/x0)**2 + b2*(x/x0) + c2
fitted parameters initialized with current variable values

iter      chisq       delta/lim  lambda   a2            b2            c2           
   0 1.0297059334e+06   0.00e+00  3.00e+00    1.000000e+00   1.000000e+00   1.000000e+00
   4 2.2683116112e+04  -3.53e-02  3.00e-04    2.301736e+02  -7.203378e+02   2.550796e+01

After 4 iterations the fit converged.
final sum of squares of residuals : 22683.1
rel. change during last iteration : -3.52576e-07

degrees of freedom    (FIT_NDF)                        : 9
rms of residuals      (FIT_STDFIT) = sqrt(WSSR/ndf)    : 50.2031
variance of residuals (reduced chisquare) = WSSR/ndf   : 2520.35

Final set of parameters            Asymptotic Standard Error
=======================            ==========================
a2              = 230.174          +/- 17.6         (7.647%)
b2              = -720.338         +/- 55.73        (7.737%)
c2              = 25.508           +/- 27.89        (109.3%)

correlation matrix of the fit parameters:
                a2     b2     c2     
a2              1.000 
b2             -0.975  1.000 
c2              0.620 -0.736  1.000 


*******************************************************************************
Sun Dec  7 17:16:23 2025


FIT:    data read from 'data.txt' index 0 using 1:2
        format = x:z
        #datapoints = 12
        residuals are weighted equally (unit weight)

function used for fitting: f1(x)
	f1(x) = a1 * (x/x0)**7 + b1*(x/x0) + c1
fitted parameters initialized with current variable values

iter      chisq       delta/lim  lambda   a1            b1            c1           
   0 1.4803851712e+07   0.00e+00  5.98e+02    1.000000e+00   1.000000e+00   1.000000e+00
   6 7.3646659894e+04  -1.88e-03  5.98e-04    3.813227e-01  -2.611026e+02  -7.213819e+01

After 6 iterations the fit converged.
final sum of squares of residuals : 73646.7
rel. change during last iteration : -1.87693e-08

degrees of freedom    (FIT_NDF)                        : 9
rms of residuals      (FIT_STDFIT) = sqrt(WSSR/ndf)    : 90.4597
variance of residuals (reduced chisquare) = WSSR/ndf   : 8182.96

Final set of parameters            Asymptotic Standard Error
=======================            ==========================
a1              = 0.381323         +/- 0.057        (14.95%)
b1              = -261.103         +/- 44.34        (16.98%)
c1              = -72.1382         +/- 43.97        (60.96%)

correlation matrix of the fit parameters:
                a1     b1     c1     
a1              1.000 
b1             -0.857  1.000 
c1              0.436 -0.722  1.000 


*******************************************************************************
Sun Dec  7 17:16:23 2025


FIT:    data read from 'data.txt' index 1 using 1:2
        format = x:z
        #datapoints = 12
        residuals are weighted equally (unit weight)

function used for fitting: f2(x)
	f2(x) = a2 * (x/x0)**7 + b2*(x/x0) + c2
fitted parameters initialized with current variable values

iter      chisq       delta/lim  lambda   a2            b2            c2           
   0 1.6377324684e+07   0.00e+00  6.28e+02    1.000000e+00   1.000000e+00   1.000000e+00
   6 7.7712655900e+04  -2.75e-03  6.28e-04    3.744880e-01  -2.687359e+02  -7.239524e+01

After 6 iterations the fit converged.
final sum of squares of residuals : 77712.7
rel. change during last iteration : -2.75211e-08

degrees of freedom    (FIT_NDF)                        : 9
rms of residuals      (FIT_STDFIT) = sqrt(WSSR/ndf)    : 92.9233
variance of residuals (reduced chisquare) = WSSR/ndf   : 8634.74

Final set of parameters            Asymptotic Standard Error
=======================            ==========================
a2              = 0.374488         +/- 0.05675      (15.15%)
b2              = -268.736         +/- 45.52        (16.94%)
c2              = -72.3952         +/- 44.92        (62.05%)

correlation matrix of the fit parameters:
                a2     b2     c2     
a2              1.000 
b2             -0.861  1.000 
c2              0.433 -0.716  1.000 


*******************************************************************************
Sun Dec  7 17:20:25 2025


FIT:    data read from 'data.txt' index 0 using 1:2
        format = x:z
        #datapoints = 12
        residuals are weighted equally (unit weight)

function used for fitting: f1(x)
	f1(x) = a1**4 + b1**3 + c1
fitted parameters initialized with current variable values

iter      chisq       delta/lim  lambda   a1            b1            c1           
   0 9.8206410550e+05   0.00e+00  2.95e+00    1.000000e+00   1.000000e+00   1.000000e+00
  11 4.4066075283e+05  -5.95e-03  2.95e-04    1.787904e+00  -6.014323e+00  -2.075255e+00

After 11 iterations the fit converged.
final sum of squares of residuals : 440661
rel. change during last iteration : -5.95324e-08

degrees of freedom    (FIT_NDF)                        : 9
rms of residuals      (FIT_STDFIT) = sqrt(WSSR/ndf)    : 221.274
variance of residuals (reduced chisquare) = WSSR/ndf   : 48962.3

Final set of parameters            Asymptotic Standard Error
=======================            ==========================
a1              = 1.7879           +/- 2.655e+16    (1.485e+18%)
b1              = -6.01432         +/- 5.622e+15    (9.348e+16%)
c1              = -2.07525         +/- 2.335e+17    (1.125e+19%)

correlation matrix of the fit parameters:
                a1     b1     c1     
a1              1.000 
b1             -0.927  1.000 
c1             -0.180 -0.203  1.000 


*******************************************************************************
Sun Dec  7 17:20:25 2025


FIT:    data read from 'data.txt' index 1 using 1:2
        format = x:z
        #datapoints = 12
        residuals are weighted equally (unit weight)

function used for fitting: f2(x)
	f2(x) = a2**4 + b2**3 + c2
fitted parameters initialized with current variable values

iter      chisq       delta/lim  lambda   a2            b2            c2           
   0 1.0194091712e+06   0.00e+00  2.95e+00    1.000000e+00   1.000000e+00   1.000000e+00
  11 4.5535627490e+05  -4.72e-03  2.95e-04    1.805783e+00  -6.057769e+00  -2.138878e+00

After 11 iterations the fit converged.
final sum of squares of residuals : 455356
rel. change during last iteration : -4.72302e-08

degrees of freedom    (FIT_NDF)                        : 9
rms of residuals      (FIT_STDFIT) = sqrt(WSSR/ndf)    : 224.934
variance of residuals (reduced chisquare) = WSSR/ndf   : 50595.1

Final set of parameters            Asymptotic Standard Error
=======================            ==========================
a2              = 1.80578          +/- 1.892e+16    (1.048e+18%)
b2              = -6.05777         +/- 4.29e+15     (7.081e+16%)
c2              = -2.13888         +/- 7.839e+17    (3.665e+19%)

correlation matrix of the fit parameters:
                a2     b2     c2     
a2              1.000 
b2              0.455  1.000 
c2             -0.844 -0.862  1.000 


*******************************************************************************
Sun Dec  7 17:27:01 2025


FIT:    data read from 'data.txt' index 0 using 1:2
        format = x:z
        #datapoints = 12
        residuals are weighted equally (unit weight)

function used for fitting: f1(x)
	f1(x) = a1*(x/x0)**4+b1*(x/x0)**3+c1*(x/x0)**2+d1*(x/x0)+e1
fitted parameters initialized with current variable values



*******************************************************************************
Sun Dec  7 17:27:01 2025


FIT:    data read from 'data.txt' index 1 using 1:2
        format = x:z
        #datapoints = 12
        residuals are weighted equally (unit weight)

function used for fitting: f2(x)
	f2(x) = a2*(x/x0)**4+b2*(x/x0)**3+c2*(x/x0)**2+d2*(x/x0)+e2
fitted parameters initialized with current variable values



*******************************************************************************
Sun Dec  7 17:27:46 2025


FIT:    data read from 'data.txt' index 0 using 1:2
        format = x:z
        #datapoints = 12
        residuals are weighted equally (unit weight)

function used for fitting: f1(x)
	f1(x) = a1*(x/x0)**4+b1*(x/x0)**3+c1*(x/x0)**2+d1*(x/x0)+e1
fitted parameters initialized with current variable values

iter      chisq       delta/lim  lambda   a1            b1            c1            d1            e1           
   0 1.1143815763e+06   0.00e+00  1.88e+01    1.000000e+00   1.000000e+00   1.000000e+00   1.000000e+00   1.000000e+00
   6 5.0356701147e+03  -5.37e-04  1.88e-05    9.489936e+01  -5.915048e+02   1.398062e+03  -1.485338e+03   1.244005e+02

After 6 iterations the fit converged.
final sum of squares of residuals : 5035.67
rel. change during last iteration : -5.37404e-09

degrees of freedom    (FIT_NDF)                        : 7
rms of residuals      (FIT_STDFIT) = sqrt(WSSR/ndf)    : 26.8213
variance of residuals (reduced chisquare) = WSSR/ndf   : 719.381

Final set of parameters            Asymptotic Standard Error
=======================            ==========================
a1              = 94.8994          +/- 23.57        (24.83%)
b1              = -591.505         +/- 142.8        (24.14%)
c1              = 1398.06          +/- 277.1        (19.82%)
d1              = -1485.34         +/- 188          (12.66%)
e1              = 124.401          +/- 28.43        (22.85%)

correlation matrix of the fit parameters:
                a1     b1     c1     d1     e1     
a1              1.000 
b1             -0.994  1.000 
c1              0.965 -0.988  1.000 
d1             -0.888  0.930 -0.974  1.000 
e1              0.706 -0.753  0.815 -0.892  1.000 


*******************************************************************************
Sun Dec  7 17:27:46 2025


FIT:    data read from 'data.txt' index 1 using 1:2
        format = x:z
        #datapoints = 12
        residuals are weighted equally (unit weight)

function used for fitting: f2(x)
	f2(x) = a2*(x/x0)**4+b2*(x/x0)**3+c2*(x/x0)**2+d2*(x/x0)+e2
fitted parameters initialized with current variable values

iter      chisq       delta/lim  lambda   a2            b2            c2            d2            e2           
   0 1.1665600459e+06   0.00e+00  1.94e+01    1.000000e+00   1.000000e+00   1.000000e+00   1.000000e+00   1.000000e+00
   6 5.9515742183e+03  -8.07e-04  1.94e-05    1.093053e+02  -6.834861e+02   1.583738e+03  -1.618151e+03   1.376301e+02

After 6 iterations the fit converged.
final sum of squares of residuals : 5951.57
rel. change during last iteration : -8.07009e-09

degrees of freedom    (FIT_NDF)                        : 7
rms of residuals      (FIT_STDFIT) = sqrt(WSSR/ndf)    : 29.1586
variance of residuals (reduced chisquare) = WSSR/ndf   : 850.225

Final set of parameters            Asymptotic Standard Error
=======================            ==========================
a2              = 109.305          +/- 25.73        (23.54%)
b2              = -683.486         +/- 156.8        (22.94%)
c2              = 1583.74          +/- 305.5        (19.29%)
d2              = -1618.15         +/- 207.3        (12.81%)
e2              = 137.63           +/- 30.93        (22.47%)

correlation matrix of the fit parameters:
                a2     b2     c2     d2     e2     
a2              1.000 
b2             -0.994  1.000 
c2              0.967 -0.988  1.000 
d2             -0.892  0.932 -0.975  1.000 
e2              0.713 -0.759  0.818 -0.894  1.000 


*******************************************************************************
Sun Dec  7 17:32:18 2025


FIT:    data read from 'data.txt' index 0 using 1:2
        format = x:z
        #datapoints = 12
        residuals are weighted equally (unit weight)

function used for fitting: f1(x)
	f1(x) = a1*(x/x0)**n+b1*(x/x0)**(n-1)+c1*(x/x0)**(n-2)+d1*(x/x0)+e1
fitted parameters initialized with current variable values

iter      chisq       delta/lim  lambda   a1            b1            c1            d1            e1           
   0 1.5491598808e+06   0.00e+00  5.56e+01    1.000000e+00   1.000000e+00   1.000000e+00   1.000000e+00   1.000000e+00
   6 9.5609581207e+03  -1.10e-03  5.56e-05    4.887692e+01  -2.991121e+02   5.461538e+02  -8.268175e+02   5.418955e+01

After 6 iterations the fit converged.
final sum of squares of residuals : 9560.96
rel. change during last iteration : -1.09968e-08

degrees of freedom    (FIT_NDF)                        : 7
rms of residuals      (FIT_STDFIT) = sqrt(WSSR/ndf)    : 36.9574
variance of residuals (reduced chisquare) = WSSR/ndf   : 1365.85

Final set of parameters            Asymptotic Standard Error
=======================            ==========================
a1              = 48.8769          +/- 15.38        (31.48%)
b1              = -299.112         +/- 88.3         (29.52%)
c1              = 546.154          +/- 137.6        (25.19%)
d1              = -826.818         +/- 102          (12.34%)
e1              = 54.1895          +/- 27.04        (49.91%)

correlation matrix of the fit parameters:
                a1     b1     c1     d1     e1     
a1              1.000 
b1             -0.995  1.000 
c1              0.975 -0.992  1.000 
d1             -0.820  0.865 -0.917  1.000 
e1              0.543 -0.583  0.636 -0.808  1.000 


*******************************************************************************
Sun Dec  7 17:32:18 2025


FIT:    data read from 'data.txt' index 1 using 1:2
        format = x:z
        #datapoints = 12
        residuals are weighted equally (unit weight)

function used for fitting: f2(x)
	f2(x) = a2*(x/x0)**n+b2*(x/x0)**(n-1)+c2*(x/x0)**(n-2)+d2*(x/x0)+e2
fitted parameters initialized with current variable values

iter      chisq       delta/lim  lambda   a2            b2            c2            d2            e2           
   0 1.6488589661e+06   0.00e+00  5.77e+01    1.000000e+00   1.000000e+00   1.000000e+00   1.000000e+00   1.000000e+00
   6 8.1323814702e+03  -3.87e-03  5.77e-05    6.472758e+01  -3.902608e+02   6.856309e+02  -9.204670e+02   6.671062e+01

After 6 iterations the fit converged.
final sum of squares of residuals : 8132.38
rel. change during last iteration : -3.87239e-08

degrees of freedom    (FIT_NDF)                        : 7
rms of residuals      (FIT_STDFIT) = sqrt(WSSR/ndf)    : 34.0847
variance of residuals (reduced chisquare) = WSSR/ndf   : 1161.77

Final set of parameters            Asymptotic Standard Error
=======================            ==========================
a2              = 64.7276          +/- 15.35        (23.71%)
b2              = -390.261         +/- 88.2         (22.6%)
c2              = 685.631          +/- 137.1        (19.99%)
d2              = -920.467         +/- 98.93        (10.75%)
e2              = 66.7106          +/- 25.22        (37.8%)

correlation matrix of the fit parameters:
                a2     b2     c2     d2     e2     
a2              1.000 
b2             -0.996  1.000 
c2              0.979 -0.993  1.000 
d2             -0.839  0.878 -0.924  1.000 
e2              0.567 -0.603  0.651 -0.813  1.000 


*******************************************************************************
Sun Dec  7 17:32:54 2025


FIT:    data read from 'data.txt' index 0 using 1:2
        format = x:z
        #datapoints = 12
        residuals are weighted equally (unit weight)

function used for fitting: f1(x)
	f1(x) = a1*(x/x0)**n+b1*(x/x0)**(n-1)+c1*(x/x0)**(n-2)+d1*(x/x0)+e1
fitted parameters initialized with current variable values

iter      chisq       delta/lim  lambda   a1            b1            c1            d1            e1           
   0 4.5843816590e+06   0.00e+00  1.65e+02    1.000000e+00   1.000000e+00   1.000000e+00   1.000000e+00   1.000000e+00
   6 1.6270545991e+04  -1.67e-02  1.65e-04    2.207729e+01  -1.356518e+02   2.302336e+02  -6.102910e+02   1.909783e+01

After 6 iterations the fit converged.
final sum of squares of residuals : 16270.5
rel. change during last iteration : -1.66663e-07

degrees of freedom    (FIT_NDF)                        : 7
rms of residuals      (FIT_STDFIT) = sqrt(WSSR/ndf)    : 48.2117
variance of residuals (reduced chisquare) = WSSR/ndf   : 2324.36

Final set of parameters            Asymptotic Standard Error
=======================            ==========================
a1              = 22.0773          +/- 8.746        (39.61%)
b1              = -135.652         +/- 49.72        (36.65%)
c1              = 230.234          +/- 73.53        (31.94%)
d1              = -610.291         +/- 81.09        (13.29%)
e1              = 19.0978          +/- 30.23        (158.3%)

correlation matrix of the fit parameters:
                a1     b1     c1     d1     e1     
a1              1.000 
b1             -0.996  1.000 
c1              0.979 -0.994  1.000 
d1             -0.757  0.803 -0.856  1.000 
e1              0.435 -0.470  0.514 -0.760  1.000 


*******************************************************************************
Sun Dec  7 17:32:54 2025


FIT:    data read from 'data.txt' index 1 using 1:2
        format = x:z
        #datapoints = 12
        residuals are weighted equally (unit weight)

function used for fitting: f2(x)
	f2(x) = a2*(x/x0)**n+b2*(x/x0)**(n-1)+c2*(x/x0)**(n-2)+d2*(x/x0)+e2
fitted parameters initialized with current variable values

iter      chisq       delta/lim  lambda   a2            b2            c2            d2            e2           
   0 4.9930953407e+06   0.00e+00  1.72e+02    1.000000e+00   1.000000e+00   1.000000e+00   1.000000e+00   1.000000e+00
   6 1.2979635625e+04  -6.99e-02  1.72e-04    3.274766e+01  -1.947473e+02   3.134338e+02  -6.780469e+02   2.907900e+01

After 6 iterations the fit converged.
final sum of squares of residuals : 12979.6
rel. change during last iteration : -6.99287e-07

degrees of freedom    (FIT_NDF)                        : 7
rms of residuals      (FIT_STDFIT) = sqrt(WSSR/ndf)    : 43.0608
variance of residuals (reduced chisquare) = WSSR/ndf   : 1854.23

Final set of parameters            Asymptotic Standard Error
=======================            ==========================
a2              = 32.7477          +/- 9.06         (27.67%)
b2              = -194.747         +/- 51.15        (26.27%)
c2              = 313.434          +/- 74.67        (23.82%)
d2              = -678.047         +/- 76.28        (11.25%)
e2              = 29.079           +/- 27.14        (93.32%)

correlation matrix of the fit parameters:
                a2     b2     c2     d2     e2     
a2              1.000 
b2             -0.997  1.000 
c2              0.984 -0.995  1.000 
d2             -0.779  0.818 -0.864  1.000 
e2              0.454 -0.484  0.523 -0.760  1.000 


*******************************************************************************
Sun Dec  7 17:33:22 2025


FIT:    data read from 'data.txt' index 0 using 1:2
        format = x:z
        #datapoints = 12
        residuals are weighted equally (unit weight)

function used for fitting: f1(x)
	f1(x) = a1*(x/x0)**n+b1*(x/x0)**(n-1)+c1*(x/x0)**(n-2)+d1*(x/x0)+e1
fitted parameters initialized with current variable values

iter      chisq       delta/lim  lambda   a1            b1            c1            d1            e1           
   0 2.4514617997e+08   0.00e+00  1.47e+03    1.000000e+00   1.000000e+00   1.000000e+00   1.000000e+00   1.000000e+00
   7 2.9295483634e+04  -1.31e-05  1.47e-04    4.131519e+00  -2.577179e+01   4.193541e+01  -4.453353e+02  -1.517559e+01

After 7 iterations the fit converged.
final sum of squares of residuals : 29295.5
rel. change during last iteration : -1.30934e-10

degrees of freedom    (FIT_NDF)                        : 7
rms of residuals      (FIT_STDFIT) = sqrt(WSSR/ndf)    : 64.6921
variance of residuals (reduced chisquare) = WSSR/ndf   : 4185.07

Final set of parameters            Asymptotic Standard Error
=======================            ==========================
a1              = 4.13152          +/- 2.016        (48.79%)
b1              = -25.7718         +/- 11.68        (45.33%)
c1              = 41.9354          +/- 17.21        (41.03%)
d1              = -445.335         +/- 66.31        (14.89%)
e1              = -15.1756         +/- 36.06        (237.6%)

correlation matrix of the fit parameters:
                a1     b1     c1     d1     e1     
a1              1.000 
b1             -0.997  1.000 
c1              0.986 -0.996  1.000 
d1             -0.699  0.736 -0.776  1.000 
e1              0.356 -0.379  0.406 -0.729  1.000 


*******************************************************************************
Sun Dec  7 17:33:22 2025


FIT:    data read from 'data.txt' index 1 using 1:2
        format = x:z
        #datapoints = 12
        residuals are weighted equally (unit weight)

function used for fitting: f2(x)
	f2(x) = a2*(x/x0)**n+b2*(x/x0)**(n-1)+c2*(x/x0)**(n-2)+d2*(x/x0)+e2
fitted parameters initialized with current variable values

iter      chisq       delta/lim  lambda   a2            b2            c2            d2            e2           
   0 2.7228637059e+08   0.00e+00  1.55e+03    1.000000e+00   1.000000e+00   1.000000e+00   1.000000e+00   1.000000e+00
   7 2.7741956639e+04  -2.33e-05  1.55e-04    5.560840e+00  -3.342251e+01   5.206404e+01  -4.674509e+02  -1.323534e+01

After 7 iterations the fit converged.
final sum of squares of residuals : 27742
rel. change during last iteration : -2.32998e-10

degrees of freedom    (FIT_NDF)                        : 7
rms of residuals      (FIT_STDFIT) = sqrt(WSSR/ndf)    : 62.9534
variance of residuals (reduced chisquare) = WSSR/ndf   : 3963.14

Final set of parameters            Asymptotic Standard Error
=======================            ==========================
a2              = 5.56084          +/- 2.161        (38.85%)
b2              = -33.4225         +/- 12.28        (36.75%)
c2              = 52.064           +/- 17.69        (33.98%)
d2              = -467.451         +/- 63.93        (13.68%)
e2              = -13.2353         +/- 34.72        (262.3%)

correlation matrix of the fit parameters:
                a2     b2     c2     d2     e2     
a2              1.000 
b2             -0.997  1.000 
c2              0.986 -0.996  1.000 
d2             -0.657  0.698 -0.744  1.000 
e2              0.323 -0.348  0.378 -0.722  1.000 


*******************************************************************************
Sun Dec  7 17:33:51 2025


FIT:    data read from 'data.txt' index 0 using 1:2
        format = x:z
        #datapoints = 12
        residuals are weighted equally (unit weight)

function used for fitting: f1(x)
	f1(x) = a1*(x/x0)**n+b1*(x/x0)**(n-1)+c1*(x/x0)**(n-2)+d1*(x/x0)+e1
fitted parameters initialized with current variable values

iter      chisq       delta/lim  lambda   a1            b1            c1            d1            e1           
   0 1.0036029333e+06   0.00e+00  2.45e+00    1.000000e+00   1.000000e+00   1.000000e+00   1.000000e+00   1.000000e+00
   4 1.7888666519e+04  -6.98e-04  2.45e-04    2.287387e+02  -3.543245e+02   1.318744e+01  -3.543245e+02   1.318742e+01

After 4 iterations the fit converged.
final sum of squares of residuals : 17888.7
rel. change during last iteration : -6.98109e-09

degrees of freedom    (FIT_NDF)                        : 7
rms of residuals      (FIT_STDFIT) = sqrt(WSSR/ndf)    : 50.5522
variance of residuals (reduced chisquare) = WSSR/ndf   : 2555.52

Final set of parameters            Asymptotic Standard Error
=======================            ==========================
a1              = 228.739          +/- 30.01        (13.12%)
b1              = -354.325         +/- 8.824e+13    (2.49e+13%)
c1              = 13.1874          +/- 1.024e+13    (7.766e+13%)
d1              = -354.325         +/- 8.824e+13    (2.49e+13%)
e1              = 13.1874          +/- 1.024e+13    (7.766e+13%)

correlation matrix of the fit parameters:
                a1     b1     c1     d1     e1     
a1              1.000 
b1              0.496  1.000 
c1             -0.793 -0.471  1.000 
d1             -0.496 -1.000  0.471  1.000 
e1              0.793  0.471 -1.000 -0.471  1.000 


*******************************************************************************
Sun Dec  7 17:33:51 2025


FIT:    data read from 'data.txt' index 1 using 1:2
        format = x:z
        #datapoints = 12
        residuals are weighted equally (unit weight)

function used for fitting: f2(x)
	f2(x) = a2*(x/x0)**n+b2*(x/x0)**(n-1)+c2*(x/x0)**(n-2)+d2*(x/x0)+e2
fitted parameters initialized with current variable values

iter      chisq       delta/lim  lambda   a2            b2            c2            d2            e2           
   0 1.0424036656e+06   0.00e+00  2.49e+00    1.000000e+00   1.000000e+00   1.000000e+00   1.000000e+00   1.000000e+00
   4 2.2683116112e+04  -6.48e-04  2.49e-04    2.301736e+02  -3.601689e+02   1.275393e+01  -3.601689e+02   1.275403e+01

After 4 iterations the fit converged.
final sum of squares of residuals : 22683.1
rel. change during last iteration : -6.48177e-09

degrees of freedom    (FIT_NDF)                        : 7
rms of residuals      (FIT_STDFIT) = sqrt(WSSR/ndf)    : 56.9249
variance of residuals (reduced chisquare) = WSSR/ndf   : 3240.45

Final set of parameters            Asymptotic Standard Error
=======================            ==========================
a2              = 230.174          +/- 29.21        (12.69%)
b2              = -360.169         +/- 1.967e+14    (5.46e+13%)
c2              = 12.7539          +/- 4.306e+12    (3.376e+13%)
d2              = -360.169         +/- 1.967e+14    (5.46e+13%)
e2              = 12.754           +/- 4.306e+12    (3.376e+13%)

correlation matrix of the fit parameters:
                a2     b2     c2     d2     e2     
a2              1.000 
b2              0.599  1.000 
c2             -0.145  0.397  1.000 
d2             -0.599 -1.000 -0.397  1.000 
e2              0.145 -0.397 -1.000  0.397  1.000 


*******************************************************************************
Sun Dec  7 17:34:08 2025


FIT:    data read from 'data.txt' index 0 using 1:2
        format = x:z
        #datapoints = 12
        residuals are weighted equally (unit weight)

function used for fitting: f1(x)
	f1(x) = a1*(x/x0)**n+b1*(x/x0)**(n-1)+c1*(x/x0)**(n-2)+d1*(x/x0)+e1
fitted parameters initialized with current variable values

iter      chisq       delta/lim  lambda   a1            b1            c1            d1            e1           
   0 1.0281479672e+06   0.00e+00  6.49e+00    1.000000e+00   1.000000e+00   1.000000e+00   1.000000e+00   1.000000e+00
   5 1.6699863991e+04  -9.82e-05  6.49e-05   -1.998949e+01   3.209656e+02  -4.064965e+02  -4.064964e+02   4.364331e+01

After 5 iterations the fit converged.
final sum of squares of residuals : 16699.9
rel. change during last iteration : -9.82185e-10

degrees of freedom    (FIT_NDF)                        : 7
rms of residuals      (FIT_STDFIT) = sqrt(WSSR/ndf)    : 48.8436
variance of residuals (reduced chisquare) = WSSR/ndf   : 2385.69

Final set of parameters            Asymptotic Standard Error
=======================            ==========================
a1              = -19.9895         +/- 30.34        (151.8%)
b1              = 320.966          +/- 139.5        (43.45%)
c1              = -406.496         +/- 1.253e+14    (3.083e+13%)
d1              = -406.496         +/- 1.253e+14    (3.083e+13%)
e1              = 43.6433          +/- 36.7         (84.09%)

correlation matrix of the fit parameters:
                a1     b1     c1     d1     e1     
a1              1.000 
b1             -0.992  1.000 
c1             -0.359  0.327  1.000 
d1              0.359 -0.327 -1.000  1.000 
e1             -0.632  0.691  0.029 -0.029  1.000 


*******************************************************************************
Sun Dec  7 17:34:08 2025


FIT:    data read from 'data.txt' index 1 using 1:2
        format = x:z
        #datapoints = 12
        residuals are weighted equally (unit weight)

function used for fitting: f2(x)
	f2(x) = a2*(x/x0)**n+b2*(x/x0)**(n-1)+c2*(x/x0)**(n-2)+d2*(x/x0)+e2
fitted parameters initialized with current variable values

iter      chisq       delta/lim  lambda   a2            b2            c2            d2            e2           
   0 1.0698994639e+06   0.00e+00  6.66e+00    1.000000e+00   1.000000e+00   1.000000e+00   1.000000e+00   1.000000e+00
   5 2.1293665187e+04  -9.66e-05  6.66e-05   -2.134262e+01   3.291473e+02  -4.163640e+02  -4.163639e+02   4.392470e+01

After 5 iterations the fit converged.
final sum of squares of residuals : 21293.7
rel. change during last iteration : -9.65897e-10

degrees of freedom    (FIT_NDF)                        : 7
rms of residuals      (FIT_STDFIT) = sqrt(WSSR/ndf)    : 55.1539
variance of residuals (reduced chisquare) = WSSR/ndf   : 3041.95

Final set of parameters            Asymptotic Standard Error
=======================            ==========================
a2              = -21.3426         +/- 31.58        (148%)
b2              = 329.147          +/- 148          (44.96%)
c2              = -416.364         +/- 1.154e+14    (2.772e+13%)
d2              = -416.364         +/- 1.154e+14    (2.772e+13%)
e2              = 43.9247          +/- 41.02        (93.38%)

correlation matrix of the fit parameters:
                a2     b2     c2     d2     e2     
a2              1.000 
b2             -0.990  1.000 
c2             -0.015  0.060  1.000 
d2              0.015 -0.060 -1.000  1.000 
e2             -0.665  0.719  0.023 -0.023  1.000 


*******************************************************************************
Sun Dec  7 17:34:17 2025


FIT:    data read from 'data.txt' index 0 using 1:2
        format = x:z
        #datapoints = 12
        residuals are weighted equally (unit weight)

function used for fitting: f1(x)
	f1(x) = a1*(x/x0)**n+b1*(x/x0)**(n-1)+c1*(x/x0)**(n-2)+d1*(x/x0)+e1
fitted parameters initialized with current variable values

iter      chisq       delta/lim  lambda   a1            b1            c1            d1            e1           
   0 1.0281479672e+06   0.00e+00  6.49e+00    1.000000e+00   1.000000e+00   1.000000e+00   1.000000e+00   1.000000e+00
   5 1.6699863991e+04  -9.82e-05  6.49e-05   -1.998949e+01   3.209656e+02  -4.064965e+02  -4.064964e+02   4.364331e+01

After 5 iterations the fit converged.
final sum of squares of residuals : 16699.9
rel. change during last iteration : -9.82185e-10

degrees of freedom    (FIT_NDF)                        : 7
rms of residuals      (FIT_STDFIT) = sqrt(WSSR/ndf)    : 48.8436
variance of residuals (reduced chisquare) = WSSR/ndf   : 2385.69

Final set of parameters            Asymptotic Standard Error
=======================            ==========================
a1              = -19.9895         +/- 30.34        (151.8%)
b1              = 320.966          +/- 139.5        (43.45%)
c1              = -406.496         +/- 1.253e+14    (3.083e+13%)
d1              = -406.496         +/- 1.253e+14    (3.083e+13%)
e1              = 43.6433          +/- 36.7         (84.09%)

correlation matrix of the fit parameters:
                a1     b1     c1     d1     e1     
a1              1.000 
b1             -0.992  1.000 
c1             -0.359  0.327  1.000 
d1              0.359 -0.327 -1.000  1.000 
e1             -0.632  0.691  0.029 -0.029  1.000 


*******************************************************************************
Sun Dec  7 17:34:17 2025


FIT:    data read from 'data.txt' index 1 using 1:2
        format = x:z
        #datapoints = 12
        residuals are weighted equally (unit weight)

function used for fitting: f2(x)
	f2(x) = a2*(x/x0)**n+b2*(x/x0)**(n-1)+c2*(x/x0)**(n-2)+d2*(x/x0)+e2
fitted parameters initialized with current variable values

iter      chisq       delta/lim  lambda   a2            b2            c2            d2            e2           
   0 1.0698994639e+06   0.00e+00  6.66e+00    1.000000e+00   1.000000e+00   1.000000e+00   1.000000e+00   1.000000e+00
   5 2.1293665187e+04  -9.66e-05  6.66e-05   -2.134262e+01   3.291473e+02  -4.163640e+02  -4.163639e+02   4.392470e+01

After 5 iterations the fit converged.
final sum of squares of residuals : 21293.7
rel. change during last iteration : -9.65897e-10

degrees of freedom    (FIT_NDF)                        : 7
rms of residuals      (FIT_STDFIT) = sqrt(WSSR/ndf)    : 55.1539
variance of residuals (reduced chisquare) = WSSR/ndf   : 3041.95

Final set of parameters            Asymptotic Standard Error
=======================            ==========================
a2              = -21.3426         +/- 31.58        (148%)
b2              = 329.147          +/- 148          (44.96%)
c2              = -416.364         +/- 1.154e+14    (2.772e+13%)
d2              = -416.364         +/- 1.154e+14    (2.772e+13%)
e2              = 43.9247          +/- 41.02        (93.38%)

correlation matrix of the fit parameters:
                a2     b2     c2     d2     e2     
a2              1.000 
b2             -0.990  1.000 
c2             -0.015  0.060  1.000 
d2              0.015 -0.060 -1.000  1.000 
e2             -0.665  0.719  0.023 -0.023  1.000 


*******************************************************************************
Sun Dec  7 17:34:24 2025


FIT:    data read from 'data.txt' index 0 using 1:2
        format = x:z
        #datapoints = 12
        residuals are weighted equally (unit weight)

function used for fitting: f1(x)
	f1(x) = a1*(x/x0)**n+b1*(x/x0)**(n-1)+c1*(x/x0)**(n-2)+d1*(x/x0)+e1
fitted parameters initialized with current variable values

iter      chisq       delta/lim  lambda   a1            b1            c1            d1            e1           
   0 1.1143815763e+06   0.00e+00  1.88e+01    1.000000e+00   1.000000e+00   1.000000e+00   1.000000e+00   1.000000e+00
   6 5.0356701147e+03  -5.37e-04  1.88e-05    9.489936e+01  -5.915048e+02   1.398062e+03  -1.485338e+03   1.244005e+02

After 6 iterations the fit converged.
final sum of squares of residuals : 5035.67
rel. change during last iteration : -5.37404e-09

degrees of freedom    (FIT_NDF)                        : 7
rms of residuals      (FIT_STDFIT) = sqrt(WSSR/ndf)    : 26.8213
variance of residuals (reduced chisquare) = WSSR/ndf   : 719.381

Final set of parameters            Asymptotic Standard Error
=======================            ==========================
a1              = 94.8994          +/- 23.57        (24.83%)
b1              = -591.505         +/- 142.8        (24.14%)
c1              = 1398.06          +/- 277.1        (19.82%)
d1              = -1485.34         +/- 188          (12.66%)
e1              = 124.401          +/- 28.43        (22.85%)

correlation matrix of the fit parameters:
                a1     b1     c1     d1     e1     
a1              1.000 
b1             -0.994  1.000 
c1              0.965 -0.988  1.000 
d1             -0.888  0.930 -0.974  1.000 
e1              0.706 -0.753  0.815 -0.892  1.000 


*******************************************************************************
Sun Dec  7 17:34:24 2025


FIT:    data read from 'data.txt' index 1 using 1:2
        format = x:z
        #datapoints = 12
        residuals are weighted equally (unit weight)

function used for fitting: f2(x)
	f2(x) = a2*(x/x0)**n+b2*(x/x0)**(n-1)+c2*(x/x0)**(n-2)+d2*(x/x0)+e2
fitted parameters initialized with current variable values

iter      chisq       delta/lim  lambda   a2            b2            c2            d2            e2           
   0 1.1665600459e+06   0.00e+00  1.94e+01    1.000000e+00   1.000000e+00   1.000000e+00   1.000000e+00   1.000000e+00
   6 5.9515742183e+03  -8.07e-04  1.94e-05    1.093053e+02  -6.834861e+02   1.583738e+03  -1.618151e+03   1.376301e+02

After 6 iterations the fit converged.
final sum of squares of residuals : 5951.57
rel. change during last iteration : -8.07009e-09

degrees of freedom    (FIT_NDF)                        : 7
rms of residuals      (FIT_STDFIT) = sqrt(WSSR/ndf)    : 29.1586
variance of residuals (reduced chisquare) = WSSR/ndf   : 850.225

Final set of parameters            Asymptotic Standard Error
=======================            ==========================
a2              = 109.305          +/- 25.73        (23.54%)
b2              = -683.486         +/- 156.8        (22.94%)
c2              = 1583.74          +/- 305.5        (19.29%)
d2              = -1618.15         +/- 207.3        (12.81%)
e2              = 137.63           +/- 30.93        (22.47%)

correlation matrix of the fit parameters:
                a2     b2     c2     d2     e2     
a2              1.000 
b2             -0.994  1.000 
c2              0.967 -0.988  1.000 
d2             -0.892  0.932 -0.975  1.000 
e2              0.713 -0.759  0.818 -0.894  1.000 


*******************************************************************************
Sun Dec  7 17:37:09 2025


FIT:    data read from 'data.txt' index 0 using 1:2
        format = x:z
        #datapoints = 12
        residuals are weighted equally (unit weight)

function used for fitting: f1(x)
	f1(x) = a1*(x/x0)**n+b1*(x/x0)**(n-1)+c1*(x/x0)**(n-2)+d1*(x/x0)+e1
fitted parameters initialized with current variable values

iter      chisq       delta/lim  lambda   a1            b1            c1            d1            e1           
   0 1.0569350151e+06   0.00e+00  1.10e+01    1.000000e+00   1.000000e+00   1.000000e+00   1.000000e+00   1.000000e+00
   6 3.9231871177e+03  -5.41e-03  1.10e-05    1.288954e+02  -8.280272e+02   2.954843e+03  -2.902278e+03   1.983193e+02

After 6 iterations the fit converged.
final sum of squares of residuals : 3923.19
rel. change during last iteration : -5.41329e-08

degrees of freedom    (FIT_NDF)                        : 7
rms of residuals      (FIT_STDFIT) = sqrt(WSSR/ndf)    : 23.6739
variance of residuals (reduced chisquare) = WSSR/ndf   : 560.455

Final set of parameters            Asymptotic Standard Error
=======================            ==========================
a1              = 128.895          +/- 29.86        (23.17%)
b1              = -828.027         +/- 194.5        (23.49%)
c1              = 2954.84          +/- 555.3        (18.79%)
d1              = -2902.28         +/- 425.6        (14.67%)
e1              = 198.319          +/- 36.51        (18.41%)

correlation matrix of the fit parameters:
                a1     b1     c1     d1     e1     
a1              1.000 
b1             -0.993  1.000 
c1              0.958 -0.985  1.000 
d1             -0.921  0.959 -0.993  1.000 
e1              0.792 -0.842  0.903 -0.936  1.000 


*******************************************************************************
Sun Dec  7 17:37:09 2025


FIT:    data read from 'data.txt' index 1 using 1:2
        format = x:z
        #datapoints = 12
        residuals are weighted equally (unit weight)

function used for fitting: f2(x)
	f2(x) = a2*(x/x0)**n+b2*(x/x0)**(n-1)+c2*(x/x0)**(n-2)+d2*(x/x0)+e2
fitted parameters initialized with current variable values

iter      chisq       delta/lim  lambda   a2            b2            c2            d2            e2           
   0 1.1022218211e+06   0.00e+00  1.13e+01    1.000000e+00   1.000000e+00   1.000000e+00   1.000000e+00   1.000000e+00
   6 5.5220821073e+03  -5.59e-03  1.13e-05    1.417912e+02  -9.203612e+02   3.242606e+03  -3.136808e+03   2.140071e+02

After 6 iterations the fit converged.
final sum of squares of residuals : 5522.08
rel. change during last iteration : -5.58553e-08

degrees of freedom    (FIT_NDF)                        : 7
rms of residuals      (FIT_STDFIT) = sqrt(WSSR/ndf)    : 28.0868
variance of residuals (reduced chisquare) = WSSR/ndf   : 788.869

Final set of parameters            Asymptotic Standard Error
=======================            ==========================
a2              = 141.791          +/- 34.89        (24.6%)
b2              = -920.361         +/- 228.5        (24.83%)
c2              = 3242.61          +/- 655.5        (20.21%)
d2              = -3136.81         +/- 503          (16.04%)
e2              = 214.007          +/- 42.93        (20.06%)

correlation matrix of the fit parameters:
                a2     b2     c2     d2     e2     
a2              1.000 
b2             -0.993  1.000 
c2              0.958 -0.985  1.000 
d2             -0.921  0.959 -0.993  1.000 
e2              0.793 -0.842  0.903 -0.936  1.000 


*******************************************************************************
Sun Dec  7 17:40:28 2025


FIT:    data read from 'data.txt' index 0 using 1:2
        format = x:z
        #datapoints = 12
        residuals are weighted equally (unit weight)

function used for fitting: f1(x)
	f1(x)=-sqrt(b1-(a1-x/x0)**2)
fitted parameters initialized with current variable values

iter      chisq       delta/lim  lambda   a1            b1           
   0 9.6373721795e+05   0.00e+00  9.01e-01    1.000000e+00   1.000000e+00
 197 9.3548505526e+05  -4.50e-01  9.01e-01   -2.299159e-01   4.332700e+01

After 197 iterations the fit converged.
final sum of squares of residuals : 935485
rel. change during last iteration : -4.49615e-06

degrees of freedom    (FIT_NDF)                        : 10
rms of residuals      (FIT_STDFIT) = sqrt(WSSR/ndf)    : 305.857
variance of residuals (reduced chisquare) = WSSR/ndf   : 93548.5

Final set of parameters            Asymptotic Standard Error
=======================            ==========================
a1              = -0.229916        +/- 471.7        (2.052e+05%)
b1              = 43.327           +/- 1915         (4421%)

correlation matrix of the fit parameters:
                a1     b1     
a1              1.000 
b1             -0.816  1.000 


*******************************************************************************
Sun Dec  7 17:40:28 2025


FIT:    data read from 'data.txt' index 1 using 1:2
        format = x:z
        #datapoints = 12
        residuals are weighted equally (unit weight)

function used for fitting: f2(x)
	f2(x)=-sqrt(b1-(a1-x/x0)**2)
fitted parameters initialized with current variable values

iter      chisq       delta/lim  lambda   a2            b2           
   0 9.7190529613e+05   0.00e+00  0.00e+00    1.000000e+00   1.000000e+00
BREAK: Singular matrix in Givens()

*******************************************************************************
Sun Dec  7 17:45:09 2025


FIT:    data read from 'data.txt' index 0 using 1:2
        format = x:z
        #datapoints = 12
        residuals are weighted equally (unit weight)

function used for fitting: f1(x)
	f1(x)=-sqrt(b1-(a1-x/x0)**2)
fitted parameters initialized with current variable values

iter      chisq       delta/lim  lambda   a1            b1           
   0 9.6373721795e+05   0.00e+00  9.01e-01    1.000000e+00   1.000000e+00
 197 9.3548505526e+05  -4.50e-01  9.01e-01   -2.299159e-01   4.332700e+01

After 197 iterations the fit converged.
final sum of squares of residuals : 935485
rel. change during last iteration : -4.49615e-06

degrees of freedom    (FIT_NDF)                        : 10
rms of residuals      (FIT_STDFIT) = sqrt(WSSR/ndf)    : 305.857
variance of residuals (reduced chisquare) = WSSR/ndf   : 93548.5

Final set of parameters            Asymptotic Standard Error
=======================            ==========================
a1              = -0.229916        +/- 471.7        (2.052e+05%)
b1              = 43.327           +/- 1915         (4421%)

correlation matrix of the fit parameters:
                a1     b1     
a1              1.000 
b1             -0.816  1.000 


*******************************************************************************
Sun Dec  7 17:45:09 2025


FIT:    data read from 'data.txt' index 1 using 1:2
        format = x:z
        #datapoints = 12
        residuals are weighted equally (unit weight)

function used for fitting: f2(x)
	f2(x)=-sqrt(b2-(a2-x/x0)**2)
fitted parameters initialized with current variable values

iter      chisq       delta/lim  lambda   a2            b2           
   0 1.0007285192e+06   0.00e+00  9.12e-01    1.000000e+00   1.000000e+00
 331 9.6685671983e+05  -9.60e-01  9.12e-01    2.863435e+00   5.682309e+01

After 331 iterations the fit converged.
final sum of squares of residuals : 966857
rel. change during last iteration : -9.59706e-06

degrees of freedom    (FIT_NDF)                        : 10
rms of residuals      (FIT_STDFIT) = sqrt(WSSR/ndf)    : 310.943
variance of residuals (reduced chisquare) = WSSR/ndf   : 96685.7

Final set of parameters            Asymptotic Standard Error
=======================            ==========================
a2              = 2.86344          +/- 567.3        (1.981e+04%)
b2              = 56.8231          +/- 2255         (3968%)

correlation matrix of the fit parameters:
                a2     b2     
a2              1.000 
b2              0.815  1.000 


*******************************************************************************
Sun Dec  7 17:45:39 2025


FIT:    data read from 'data.txt' index 0 using 1:2
        format = x:z
        #datapoints = 12
        residuals are weighted equally (unit weight)

function used for fitting: f1(x)
	f1(x)=a1*sqrt(b1-(x/x0)**2)
fitted parameters initialized with current variable values

iter      chisq       delta/lim  lambda   a1            b1           
   0 9.6834438235e+05   0.00e+00  5.44e-01    1.000000e+00   1.000000e+00
BREAK: Singular matrix in Invert_RtR

*******************************************************************************
Sun Dec  7 17:45:39 2025


FIT:    data read from 'data.txt' index 1 using 1:2
        format = x:z
        #datapoints = 12
        residuals are weighted equally (unit weight)

function used for fitting: f2(x)
	f2(x)=a2*sqrt(b2-(x/x0)**2)
fitted parameters initialized with current variable values

iter      chisq       delta/lim  lambda   a2            b2           
   0 1.0053973486e+06   0.00e+00  5.44e-01    1.000000e+00   1.000000e+00
BREAK: Singular matrix in Invert_RtR

*******************************************************************************
Mon Dec  8 07:52:40 2025


FIT:    data read from 'data.txt' index 0 using 1:2
        format = x:z
        #datapoints = 12
        residuals are weighted equally (unit weight)

function used for fitting: f1(x)
	f1(x) = a1*(x/x0)**n+b1*(x/x0)**(n-1)+c1*(x/x0)**(n-2)+d1*(x/x0)+e1
fitted parameters initialized with current variable values



*******************************************************************************
Mon Dec  8 07:52:40 2025


FIT:    data read from 'data.txt' index 1 using 1:2
        format = x:z
        #datapoints = 12
        residuals are weighted equally (unit weight)

function used for fitting: f2(x)
	f2(x) = a2*(x/x0)**n+b2*(x/x0)**(n-1)+c2*(x/x0)**(n-2)+d2*(x/x0)+e2
fitted parameters initialized with current variable values



*******************************************************************************
Mon Dec  8 07:53:18 2025


FIT:    data read from 'data.txt' index 0 using 1:2
        format = x:z
        #datapoints = 12
        residuals are weighted equally (unit weight)

function used for fitting: f1(x)
	f1(x) = a1*(x/x0)**n+b1*(x/x0)**(n-1)+c1*(x/x0)**(n-2)+d1*(x/x0)+e1
fitted parameters initialized with current variable values

iter      chisq       delta/lim  lambda   a1            b1            c1            d1            e1           
   0 1.0036029333e+06   0.00e+00  2.45e+00    1.000000e+00   1.000000e+00   1.000000e+00   1.000000e+00   1.000000e+00
   4 1.7888666519e+04  -6.98e-04  2.45e-04    2.287387e+02  -3.543245e+02   1.318744e+01  -3.543245e+02   1.318742e+01

After 4 iterations the fit converged.
final sum of squares of residuals : 17888.7
rel. change during last iteration : -6.98109e-09

degrees of freedom    (FIT_NDF)                        : 7
rms of residuals      (FIT_STDFIT) = sqrt(WSSR/ndf)    : 50.5522
variance of residuals (reduced chisquare) = WSSR/ndf   : 2555.52

Final set of parameters            Asymptotic Standard Error
=======================            ==========================
a1              = 228.739          +/- 30.01        (13.12%)
b1              = -354.325         +/- 8.824e+13    (2.49e+13%)
c1              = 13.1874          +/- 1.024e+13    (7.766e+13%)
d1              = -354.325         +/- 8.824e+13    (2.49e+13%)
e1              = 13.1874          +/- 1.024e+13    (7.766e+13%)

correlation matrix of the fit parameters:
                a1     b1     c1     d1     e1     
a1              1.000 
b1              0.496  1.000 
c1             -0.793 -0.471  1.000 
d1             -0.496 -1.000  0.471  1.000 
e1              0.793  0.471 -1.000 -0.471  1.000 


*******************************************************************************
Mon Dec  8 07:53:18 2025


FIT:    data read from 'data.txt' index 1 using 1:2
        format = x:z
        #datapoints = 12
        residuals are weighted equally (unit weight)

function used for fitting: f2(x)
	f2(x) = a2*(x/x0)**n+b2*(x/x0)**(n-1)+c2*(x/x0)**(n-2)+d2*(x/x0)+e2
fitted parameters initialized with current variable values

iter      chisq       delta/lim  lambda   a2            b2            c2            d2            e2           
   0 1.0424036656e+06   0.00e+00  2.49e+00    1.000000e+00   1.000000e+00   1.000000e+00   1.000000e+00   1.000000e+00
   4 2.2683116112e+04  -6.48e-04  2.49e-04    2.301736e+02  -3.601689e+02   1.275393e+01  -3.601689e+02   1.275403e+01

After 4 iterations the fit converged.
final sum of squares of residuals : 22683.1
rel. change during last iteration : -6.48177e-09

degrees of freedom    (FIT_NDF)                        : 7
rms of residuals      (FIT_STDFIT) = sqrt(WSSR/ndf)    : 56.9249
variance of residuals (reduced chisquare) = WSSR/ndf   : 3240.45

Final set of parameters            Asymptotic Standard Error
=======================            ==========================
a2              = 230.174          +/- 29.21        (12.69%)
b2              = -360.169         +/- 1.967e+14    (5.46e+13%)
c2              = 12.7539          +/- 4.306e+12    (3.376e+13%)
d2              = -360.169         +/- 1.967e+14    (5.46e+13%)
e2              = 12.754           +/- 4.306e+12    (3.376e+13%)

correlation matrix of the fit parameters:
                a2     b2     c2     d2     e2     
a2              1.000 
b2              0.599  1.000 
c2             -0.145  0.397  1.000 
d2             -0.599 -1.000 -0.397  1.000 
e2              0.145 -0.397 -1.000  0.397  1.000 


*******************************************************************************
Mon Dec  8 07:54:32 2025


FIT:    data read from 'data.txt' index 0 using 1:2
        format = x:z
        #datapoints = 12
        residuals are weighted equally (unit weight)

function used for fitting: f1(x)
	f1(x) = a1*(x/x0)**n+b1*(x/x0)**(n-1)+c1*(x/x0)**(n-2)+d1*(x/x0)+e1
fitted parameters initialized with current variable values

iter      chisq       delta/lim  lambda   a1            b1            c1            d1            e1           
   0 1.0036029333e+06   0.00e+00  2.45e+00    1.000000e+00   1.000000e+00   1.000000e+00   1.000000e+00   1.000000e+00
   4 1.7888666519e+04  -6.98e-04  2.45e-04    2.287387e+02  -3.543245e+02   1.318744e+01  -3.543245e+02   1.318742e+01

After 4 iterations the fit converged.
final sum of squares of residuals : 17888.7
rel. change during last iteration : -6.98109e-09

degrees of freedom    (FIT_NDF)                        : 7
rms of residuals      (FIT_STDFIT) = sqrt(WSSR/ndf)    : 50.5522
variance of residuals (reduced chisquare) = WSSR/ndf   : 2555.52

Final set of parameters            Asymptotic Standard Error
=======================            ==========================
a1              = 228.739          +/- 30.01        (13.12%)
b1              = -354.325         +/- 8.824e+13    (2.49e+13%)
c1              = 13.1874          +/- 1.024e+13    (7.766e+13%)
d1              = -354.325         +/- 8.824e+13    (2.49e+13%)
e1              = 13.1874          +/- 1.024e+13    (7.766e+13%)

correlation matrix of the fit parameters:
                a1     b1     c1     d1     e1     
a1              1.000 
b1              0.496  1.000 
c1             -0.793 -0.471  1.000 
d1             -0.496 -1.000  0.471  1.000 
e1              0.793  0.471 -1.000 -0.471  1.000 


*******************************************************************************
Mon Dec  8 07:54:32 2025


FIT:    data read from 'data.txt' index 1 using 1:2
        format = x:z
        #datapoints = 12
        residuals are weighted equally (unit weight)

function used for fitting: f2(x)
	f2(x) = a2*(x/x0)**n+b2*(x/x0)**(n-1)+c2*(x/x0)**(n-2)+d2*(x/x0)+e2
fitted parameters initialized with current variable values

iter      chisq       delta/lim  lambda   a2            b2            c2            d2            e2           
   0 1.0424036656e+06   0.00e+00  2.49e+00    1.000000e+00   1.000000e+00   1.000000e+00   1.000000e+00   1.000000e+00
   4 2.2683116112e+04  -6.48e-04  2.49e-04    2.301736e+02  -3.601689e+02   1.275393e+01  -3.601689e+02   1.275403e+01

After 4 iterations the fit converged.
final sum of squares of residuals : 22683.1
rel. change during last iteration : -6.48177e-09

degrees of freedom    (FIT_NDF)                        : 7
rms of residuals      (FIT_STDFIT) = sqrt(WSSR/ndf)    : 56.9249
variance of residuals (reduced chisquare) = WSSR/ndf   : 3240.45

Final set of parameters            Asymptotic Standard Error
=======================            ==========================
a2              = 230.174          +/- 29.21        (12.69%)
b2              = -360.169         +/- 1.967e+14    (5.46e+13%)
c2              = 12.7539          +/- 4.306e+12    (3.376e+13%)
d2              = -360.169         +/- 1.967e+14    (5.46e+13%)
e2              = 12.754           +/- 4.306e+12    (3.376e+13%)

correlation matrix of the fit parameters:
                a2     b2     c2     d2     e2     
a2              1.000 
b2              0.599  1.000 
c2             -0.145  0.397  1.000 
d2             -0.599 -1.000 -0.397  1.000 
e2              0.145 -0.397 -1.000  0.397  1.000 


*******************************************************************************
Mon Dec  8 07:55:34 2025


FIT:    data read from 'data.txt' index 0 using 1:2
        format = x:z
        #datapoints = 12
        residuals are weighted equally (unit weight)

function used for fitting: f1(x)
	f1(x) = a1*(x/x0)**n+b1*(x/x0)**(n-1)+c1*(x/x0)**(n-2)+d1*(x/x0)+e1
fitted parameters initialized with current variable values

iter      chisq       delta/lim  lambda   a1            b1            c1            d1            e1           
   0 1.1143815763e+06   0.00e+00  1.88e+01    1.000000e+00   1.000000e+00   1.000000e+00   1.000000e+00   1.000000e+00
   6 5.0356701147e+03  -5.37e-04  1.88e-05    9.489936e+01  -5.915048e+02   1.398062e+03  -1.485338e+03   1.244005e+02

After 6 iterations the fit converged.
final sum of squares of residuals : 5035.67
rel. change during last iteration : -5.37404e-09

degrees of freedom    (FIT_NDF)                        : 7
rms of residuals      (FIT_STDFIT) = sqrt(WSSR/ndf)    : 26.8213
variance of residuals (reduced chisquare) = WSSR/ndf   : 719.381

Final set of parameters            Asymptotic Standard Error
=======================            ==========================
a1              = 94.8994          +/- 23.57        (24.83%)
b1              = -591.505         +/- 142.8        (24.14%)
c1              = 1398.06          +/- 277.1        (19.82%)
d1              = -1485.34         +/- 188          (12.66%)
e1              = 124.401          +/- 28.43        (22.85%)

correlation matrix of the fit parameters:
                a1     b1     c1     d1     e1     
a1              1.000 
b1             -0.994  1.000 
c1              0.965 -0.988  1.000 
d1             -0.888  0.930 -0.974  1.000 
e1              0.706 -0.753  0.815 -0.892  1.000 


*******************************************************************************
Mon Dec  8 07:55:34 2025


FIT:    data read from 'data.txt' index 1 using 1:2
        format = x:z
        #datapoints = 12
        residuals are weighted equally (unit weight)

function used for fitting: f2(x)
	f2(x) = a2*(x/x0)**n+b2*(x/x0)**(n-1)+c2*(x/x0)**(n-2)+d2*(x/x0)+e2
fitted parameters initialized with current variable values

iter      chisq       delta/lim  lambda   a2            b2            c2            d2            e2           
   0 1.1665600459e+06   0.00e+00  1.94e+01    1.000000e+00   1.000000e+00   1.000000e+00   1.000000e+00   1.000000e+00
   6 5.9515742183e+03  -8.07e-04  1.94e-05    1.093053e+02  -6.834861e+02   1.583738e+03  -1.618151e+03   1.376301e+02

After 6 iterations the fit converged.
final sum of squares of residuals : 5951.57
rel. change during last iteration : -8.07009e-09

degrees of freedom    (FIT_NDF)                        : 7
rms of residuals      (FIT_STDFIT) = sqrt(WSSR/ndf)    : 29.1586
variance of residuals (reduced chisquare) = WSSR/ndf   : 850.225

Final set of parameters            Asymptotic Standard Error
=======================            ==========================
a2              = 109.305          +/- 25.73        (23.54%)
b2              = -683.486         +/- 156.8        (22.94%)
c2              = 1583.74          +/- 305.5        (19.29%)
d2              = -1618.15         +/- 207.3        (12.81%)
e2              = 137.63           +/- 30.93        (22.47%)

correlation matrix of the fit parameters:
                a2     b2     c2     d2     e2     
a2              1.000 
b2             -0.994  1.000 
c2              0.967 -0.988  1.000 
d2             -0.892  0.932 -0.975  1.000 
e2              0.713 -0.759  0.818 -0.894  1.000 


*******************************************************************************
Mon Dec  8 07:56:13 2025


FIT:    data read from 'data.txt' index 0 using 1:2
        format = x:z
        #datapoints = 12
        residuals are weighted equally (unit weight)

function used for fitting: f1(x)
	f1(x) = a1*(x/x0)**n+b1*(x/x0)**(n-1)+c1*(x/x0)**(n-2)+d1*(x/x0)+e1
fitted parameters initialized with current variable values

iter      chisq       delta/lim  lambda   a1            b1            c1            d1            e1           
   0 1.0281479672e+06   0.00e+00  6.49e+00    1.000000e+00   1.000000e+00   1.000000e+00   1.000000e+00   1.000000e+00
   5 1.6699863991e+04  -9.82e-05  6.49e-05   -1.998949e+01   3.209656e+02  -4.064965e+02  -4.064964e+02   4.364331e+01

After 5 iterations the fit converged.
final sum of squares of residuals : 16699.9
rel. change during last iteration : -9.82185e-10

degrees of freedom    (FIT_NDF)                        : 7
rms of residuals      (FIT_STDFIT) = sqrt(WSSR/ndf)    : 48.8436
variance of residuals (reduced chisquare) = WSSR/ndf   : 2385.69

Final set of parameters            Asymptotic Standard Error
=======================            ==========================
a1              = -19.9895         +/- 30.34        (151.8%)
b1              = 320.966          +/- 139.5        (43.45%)
c1              = -406.496         +/- 1.253e+14    (3.083e+13%)
d1              = -406.496         +/- 1.253e+14    (3.083e+13%)
e1              = 43.6433          +/- 36.7         (84.09%)

correlation matrix of the fit parameters:
                a1     b1     c1     d1     e1     
a1              1.000 
b1             -0.992  1.000 
c1             -0.359  0.327  1.000 
d1              0.359 -0.327 -1.000  1.000 
e1             -0.632  0.691  0.029 -0.029  1.000 


*******************************************************************************
Mon Dec  8 07:56:13 2025


FIT:    data read from 'data.txt' index 1 using 1:2
        format = x:z
        #datapoints = 12
        residuals are weighted equally (unit weight)

function used for fitting: f2(x)
	f2(x) = a2*(x/x0)**n+b2*(x/x0)**(n-1)+c2*(x/x0)**(n-2)+d2*(x/x0)+e2
fitted parameters initialized with current variable values

iter      chisq       delta/lim  lambda   a2            b2            c2            d2            e2           
   0 1.0698994639e+06   0.00e+00  6.66e+00    1.000000e+00   1.000000e+00   1.000000e+00   1.000000e+00   1.000000e+00
   5 2.1293665187e+04  -9.66e-05  6.66e-05   -2.134262e+01   3.291473e+02  -4.163640e+02  -4.163639e+02   4.392470e+01

After 5 iterations the fit converged.
final sum of squares of residuals : 21293.7
rel. change during last iteration : -9.65897e-10

degrees of freedom    (FIT_NDF)                        : 7
rms of residuals      (FIT_STDFIT) = sqrt(WSSR/ndf)    : 55.1539
variance of residuals (reduced chisquare) = WSSR/ndf   : 3041.95

Final set of parameters            Asymptotic Standard Error
=======================            ==========================
a2              = -21.3426         +/- 31.58        (148%)
b2              = 329.147          +/- 148          (44.96%)
c2              = -416.364         +/- 1.154e+14    (2.772e+13%)
d2              = -416.364         +/- 1.154e+14    (2.772e+13%)
e2              = 43.9247          +/- 41.02        (93.38%)

correlation matrix of the fit parameters:
                a2     b2     c2     d2     e2     
a2              1.000 
b2             -0.990  1.000 
c2             -0.015  0.060  1.000 
d2              0.015 -0.060 -1.000  1.000 
e2             -0.665  0.719  0.023 -0.023  1.000 


*******************************************************************************
Mon Dec  8 07:56:39 2025


FIT:    data read from 'data.txt' index 0 using 1:2
        format = x:z
        #datapoints = 12
        residuals are weighted equally (unit weight)

function used for fitting: f1(x)
	f1(x) = a1*(x/x0)**n+b1*(x/x0)**(n-1)+c1*(x/x0)**(n-2)+d1*(x/x0)+e1
fitted parameters initialized with current variable values

iter      chisq       delta/lim  lambda   a1            b1            c1            d1            e1           
   0 2.4514617997e+08   0.00e+00  1.47e+03    1.000000e+00   1.000000e+00   1.000000e+00   1.000000e+00   1.000000e+00
   7 2.9295483634e+04  -1.31e-05  1.47e-04    4.131519e+00  -2.577179e+01   4.193541e+01  -4.453353e+02  -1.517559e+01

After 7 iterations the fit converged.
final sum of squares of residuals : 29295.5
rel. change during last iteration : -1.30934e-10

degrees of freedom    (FIT_NDF)                        : 7
rms of residuals      (FIT_STDFIT) = sqrt(WSSR/ndf)    : 64.6921
variance of residuals (reduced chisquare) = WSSR/ndf   : 4185.07

Final set of parameters            Asymptotic Standard Error
=======================            ==========================
a1              = 4.13152          +/- 2.016        (48.79%)
b1              = -25.7718         +/- 11.68        (45.33%)
c1              = 41.9354          +/- 17.21        (41.03%)
d1              = -445.335         +/- 66.31        (14.89%)
e1              = -15.1756         +/- 36.06        (237.6%)

correlation matrix of the fit parameters:
                a1     b1     c1     d1     e1     
a1              1.000 
b1             -0.997  1.000 
c1              0.986 -0.996  1.000 
d1             -0.699  0.736 -0.776  1.000 
e1              0.356 -0.379  0.406 -0.729  1.000 


*******************************************************************************
Mon Dec  8 07:56:39 2025


FIT:    data read from 'data.txt' index 1 using 1:2
        format = x:z
        #datapoints = 12
        residuals are weighted equally (unit weight)

function used for fitting: f2(x)
	f2(x) = a2*(x/x0)**n+b2*(x/x0)**(n-1)+c2*(x/x0)**(n-2)+d2*(x/x0)+e2
fitted parameters initialized with current variable values

iter      chisq       delta/lim  lambda   a2            b2            c2            d2            e2           
   0 2.7228637059e+08   0.00e+00  1.55e+03    1.000000e+00   1.000000e+00   1.000000e+00   1.000000e+00   1.000000e+00
   7 2.7741956639e+04  -2.33e-05  1.55e-04    5.560840e+00  -3.342251e+01   5.206404e+01  -4.674509e+02  -1.323534e+01

After 7 iterations the fit converged.
final sum of squares of residuals : 27742
rel. change during last iteration : -2.32998e-10

degrees of freedom    (FIT_NDF)                        : 7
rms of residuals      (FIT_STDFIT) = sqrt(WSSR/ndf)    : 62.9534
variance of residuals (reduced chisquare) = WSSR/ndf   : 3963.14

Final set of parameters            Asymptotic Standard Error
=======================            ==========================
a2              = 5.56084          +/- 2.161        (38.85%)
b2              = -33.4225         +/- 12.28        (36.75%)
c2              = 52.064           +/- 17.69        (33.98%)
d2              = -467.451         +/- 63.93        (13.68%)
e2              = -13.2353         +/- 34.72        (262.3%)

correlation matrix of the fit parameters:
                a2     b2     c2     d2     e2     
a2              1.000 
b2             -0.997  1.000 
c2              0.986 -0.996  1.000 
d2             -0.657  0.698 -0.744  1.000 
e2              0.323 -0.348  0.378 -0.722  1.000 


*******************************************************************************
Mon Dec  8 07:57:02 2025


FIT:    data read from 'data.txt' index 0 using 1:2
        format = x:z
        #datapoints = 12
        residuals are weighted equally (unit weight)

function used for fitting: f1(x)
	f1(x) = a1*(x/x0)**n+b1*(x/x0)**(n-1)+c1*(x/x0)**(n-2)+d1*(x/x0)+e1
fitted parameters initialized with current variable values

iter      chisq       delta/lim  lambda   a1            b1            c1            d1            e1           
   0 1.1143815763e+06   0.00e+00  1.88e+01    1.000000e+00   1.000000e+00   1.000000e+00   1.000000e+00   1.000000e+00
   6 5.0356701147e+03  -5.37e-04  1.88e-05    9.489936e+01  -5.915048e+02   1.398062e+03  -1.485338e+03   1.244005e+02

After 6 iterations the fit converged.
final sum of squares of residuals : 5035.67
rel. change during last iteration : -5.37404e-09

degrees of freedom    (FIT_NDF)                        : 7
rms of residuals      (FIT_STDFIT) = sqrt(WSSR/ndf)    : 26.8213
variance of residuals (reduced chisquare) = WSSR/ndf   : 719.381

Final set of parameters            Asymptotic Standard Error
=======================            ==========================
a1              = 94.8994          +/- 23.57        (24.83%)
b1              = -591.505         +/- 142.8        (24.14%)
c1              = 1398.06          +/- 277.1        (19.82%)
d1              = -1485.34         +/- 188          (12.66%)
e1              = 124.401          +/- 28.43        (22.85%)

correlation matrix of the fit parameters:
                a1     b1     c1     d1     e1     
a1              1.000 
b1             -0.994  1.000 
c1              0.965 -0.988  1.000 
d1             -0.888  0.930 -0.974  1.000 
e1              0.706 -0.753  0.815 -0.892  1.000 


*******************************************************************************
Mon Dec  8 07:57:02 2025


FIT:    data read from 'data.txt' index 1 using 1:2
        format = x:z
        #datapoints = 12
        residuals are weighted equally (unit weight)

function used for fitting: f2(x)
	f2(x) = a2*(x/x0)**n+b2*(x/x0)**(n-1)+c2*(x/x0)**(n-2)+d2*(x/x0)+e2
fitted parameters initialized with current variable values

iter      chisq       delta/lim  lambda   a2            b2            c2            d2            e2           
   0 1.1665600459e+06   0.00e+00  1.94e+01    1.000000e+00   1.000000e+00   1.000000e+00   1.000000e+00   1.000000e+00
   6 5.9515742183e+03  -8.07e-04  1.94e-05    1.093053e+02  -6.834861e+02   1.583738e+03  -1.618151e+03   1.376301e+02

After 6 iterations the fit converged.
final sum of squares of residuals : 5951.57
rel. change during last iteration : -8.07009e-09

degrees of freedom    (FIT_NDF)                        : 7
rms of residuals      (FIT_STDFIT) = sqrt(WSSR/ndf)    : 29.1586
variance of residuals (reduced chisquare) = WSSR/ndf   : 850.225

Final set of parameters            Asymptotic Standard Error
=======================            ==========================
a2              = 109.305          +/- 25.73        (23.54%)
b2              = -683.486         +/- 156.8        (22.94%)
c2              = 1583.74          +/- 305.5        (19.29%)
d2              = -1618.15         +/- 207.3        (12.81%)
e2              = 137.63           +/- 30.93        (22.47%)

correlation matrix of the fit parameters:
                a2     b2     c2     d2     e2     
a2              1.000 
b2             -0.994  1.000 
c2              0.967 -0.988  1.000 
d2             -0.892  0.932 -0.975  1.000 
e2              0.713 -0.759  0.818 -0.894  1.000 


*******************************************************************************
Mon Dec  8 07:57:17 2025


FIT:    data read from 'data.txt' index 0 using 1:2
        format = x:z
        #datapoints = 12
        residuals are weighted equally (unit weight)

function used for fitting: f1(x)
	f1(x) = a1*(x/x0)**n+b1*(x/x0)**(n-1)+c1*(x/x0)**(n-2)+d1*(x/x0)+e1
fitted parameters initialized with current variable values

iter      chisq       delta/lim  lambda   a1            b1            c1            d1            e1           
   0 1.0036029333e+06   0.00e+00  2.45e+00    1.000000e+00   1.000000e+00   1.000000e+00   1.000000e+00   1.000000e+00
   4 1.7888666519e+04  -6.98e-04  2.45e-04    2.287387e+02  -3.543245e+02   1.318744e+01  -3.543245e+02   1.318742e+01

After 4 iterations the fit converged.
final sum of squares of residuals : 17888.7
rel. change during last iteration : -6.98109e-09

degrees of freedom    (FIT_NDF)                        : 7
rms of residuals      (FIT_STDFIT) = sqrt(WSSR/ndf)    : 50.5522
variance of residuals (reduced chisquare) = WSSR/ndf   : 2555.52

Final set of parameters            Asymptotic Standard Error
=======================            ==========================
a1              = 228.739          +/- 30.01        (13.12%)
b1              = -354.325         +/- 8.824e+13    (2.49e+13%)
c1              = 13.1874          +/- 1.024e+13    (7.766e+13%)
d1              = -354.325         +/- 8.824e+13    (2.49e+13%)
e1              = 13.1874          +/- 1.024e+13    (7.766e+13%)

correlation matrix of the fit parameters:
                a1     b1     c1     d1     e1     
a1              1.000 
b1              0.496  1.000 
c1             -0.793 -0.471  1.000 
d1             -0.496 -1.000  0.471  1.000 
e1              0.793  0.471 -1.000 -0.471  1.000 


*******************************************************************************
Mon Dec  8 07:57:17 2025


FIT:    data read from 'data.txt' index 1 using 1:2
        format = x:z
        #datapoints = 12
        residuals are weighted equally (unit weight)

function used for fitting: f2(x)
	f2(x) = a2*(x/x0)**n+b2*(x/x0)**(n-1)+c2*(x/x0)**(n-2)+d2*(x/x0)+e2
fitted parameters initialized with current variable values

iter      chisq       delta/lim  lambda   a2            b2            c2            d2            e2           
   0 1.0424036656e+06   0.00e+00  2.49e+00    1.000000e+00   1.000000e+00   1.000000e+00   1.000000e+00   1.000000e+00
   4 2.2683116112e+04  -6.48e-04  2.49e-04    2.301736e+02  -3.601689e+02   1.275393e+01  -3.601689e+02   1.275403e+01

After 4 iterations the fit converged.
final sum of squares of residuals : 22683.1
rel. change during last iteration : -6.48177e-09

degrees of freedom    (FIT_NDF)                        : 7
rms of residuals      (FIT_STDFIT) = sqrt(WSSR/ndf)    : 56.9249
variance of residuals (reduced chisquare) = WSSR/ndf   : 3240.45

Final set of parameters            Asymptotic Standard Error
=======================            ==========================
a2              = 230.174          +/- 29.21        (12.69%)
b2              = -360.169         +/- 1.967e+14    (5.46e+13%)
c2              = 12.7539          +/- 4.306e+12    (3.376e+13%)
d2              = -360.169         +/- 1.967e+14    (5.46e+13%)
e2              = 12.754           +/- 4.306e+12    (3.376e+13%)

correlation matrix of the fit parameters:
                a2     b2     c2     d2     e2     
a2              1.000 
b2              0.599  1.000 
c2             -0.145  0.397  1.000 
d2             -0.599 -1.000 -0.397  1.000 
e2              0.145 -0.397 -1.000  0.397  1.000 
